<?xml version="1.0" encoding="utf-8" standalone="yes" ?>
<Каналы><Кабельные><Кино><пн><h1>TV-1000</h1>
<t1>05.40</t1> <m1>"Пушистые мошенники"</m1>. Художественный фильм. <g1>6+</g1> <t1>07.05</t1> "Белоснежка: Месть гномов". <g1>12+</g1> <t1>08.55</t1> "Чисто английские убийства". Сезон: 16. Серия: 1. <g1>16+</g1> <t1>10.00</t1> "Чисто английские убийства". Сезон: 16. Серия: 2. <g1>16+</g1> <t1>10.50</t1> "Бюро магических услуг". <g1>12+</g1> <t1>12.55</t1> <m1>"Клон". Сезон: 1. Серия: 249"</m1>. Художественный фильм. <g1>16+</g1> <t1>13.45</t1> <m1>"Клон". Сезон: 1. Серия: 250"</m1>. Художественный фильм. <g1>16+</g1> <t1>14.50</t1> "Жизнь короля". <g1>16+</g1> <t1>16.45</t1> "Планета Ка-Пэкс". <g1>12+</g1> <t1>19.00</t1> "Космос между нами". <g1>16+</g1> <t1>21.10</t1> "Гостья". <g1>16+</g1> <t1>23.25</t1> "Чисто английские убийства". Сезон: 16. Серия: 3. <g1>16+</g1> <t1>00.15</t1> "Чисто английские убийства". Сезон: 16. Серия: 4. <g1>16+</g1> <t1>01.10</t1> "Шеф Адам Джонс". <g1>16+</g1> <t1>02.45</t1> <m1>"Зверокрекеры"</m1>. Художественный фильм. <g1>6+</g1> <t1>04.25</t1> "Космос между нами". <g1>16+</g1>

<h1>TV-1000 Русское Кино</h1>
<t1>05.30</t1> "Царевны". <g1>6+</g1> <t1>06.10</t1> "Простоквашино". <g1>6+</g1> <t1>06.45</t1> "Три кота". <g1>6+</g1> <t1>07.10</t1> "Смешарики". <g1>6+</g1> <t1>08.00</t1> "Беременный". <g1>18+</g1> <t1>09.30</t1> "Елки-иголки". <g1>6+</g1> <t1>11.20</t1> "Дикая Лига". <g1>16+</g1> <t1>13.15</t1> "Красный призрак". <g1>16+</g1> <t1>15.00</t1> "Непобедимый". <g1>16+</g1> <t1>17.05</t1> "Крымский мост. Сделано с любовью!" <g1>16+</g1> <t1>19.00</t1> "Мастер и Маргарита". <g1>16+</g1> <t1>19.50</t1> "Мастер и Маргарита". <g1>16+</g1> <t1>20.45</t1> "Мальдивы подождут". <g1>16+</g1> <t1>22.25</t1> "Гуляй, Вася! Свидание на Бали". <g1>16+</g1> <t1>00.15</t1> "Экипаж". <g1>16+</g1> <t1>02.30</t1> "На солнце, вдоль рядов кукурузы". <g1>6+</g1> <t1>04.00</t1> "Прямой эфир". <g1>16+</g1> <t1>05.10</t1> "В стране невыученных уроков". <g1>6+</g1>

<h1>ТВ-3</h1>
<t1>06.00</t1> "Мультфильмы". <g1>0+</g1> <t1>08.30</t1> Мультипликационный сериал. "Леди Баг и Супер-Кот". Яростный Фу. <g1>6+</g1> <t1>09.00</t1> <m1>"Любовная магия"</m1>. Телесериал. <g1>16+</g1> <t1>09.30</t1> "Гадалка". Грязный язык. <g1>16+</g1> <t1>10.00</t1> "Гадалка". Горькая любовь. <g1>16+</g1> <t1>10.45</t1> "Гадалка". Спасение с того света. <g1>16+</g1> <t1>11.15</t1> "Гадалка". Запретный плод. <g1>16+</g1> <t1>11.45</t1> "Гадалка". Чистоплюйка. <g1>16+</g1> <t1>12.20</t1> "Гадалка". Чертова машинка. <g1>16+</g1> <t1>12.45</t1> "Гадалка". Астральная пиявка. <g1>16+</g1> <t1>13.15</t1> "Гадалка". Заноза. <g1>16+</g1> <t1>14.00</t1> "Гадалка". Хомут. <g1>16+</g1> <t1>14.30</t1> "Гадалка". Денежная завязка. <g1>16+</g1> <t1>15.00</t1> "Гадалка". Премьера. Игра в жизнь. <g1>16+</g1> <t1>15.30</t1> "Слепая". Суженый. <g1>16+</g1> <t1>16.00</t1> "Слепая". Полуночница. <g1>16+</g1> <t1>16.30</t1> "Слепая". Пирожки и пельмени. <g1>16+</g1> <t1>17.00</t1> <m1>"Слепая"</m1>. Телесериал. <g1>16+</g1> <t1>17.30</t1> <m1>"Слепая"</m1>. Телесериал. <g1>16+</g1> <t1>18.00</t1> <m1>"ГЛУХАРЬ"</m1>. Телесериал. <g1>16+</g1> <t1>19.00</t1> <m1>"ГЛУХАРЬ. ПРОДОЛЖЕНИЕ"</m1>. Телесериал. <g1>16+</g1> <t1>20.00</t1> <m1>"ГЛУХАРЬ. ПРОДОЛЖЕНИЕ"</m1>. Телесериал. <g1>16+</g1> <t1>21.00</t1> <m1>"ГЛУХАРЬ. ПРОДОЛЖЕНИЕ"</m1>. Телесериал. <g1>16+</g1> <t1>22.00</t1> <m1>"ГЛУХАРЬ. ПРОДОЛЖЕНИЕ"</m1>. Телесериал. <g1>16+</g1> <t1>23.00</t1> <m1>"ЧЕРНЫЙ ШУМ"</m1>. Художественный фильм. <g1>18+</g1> <t1>01.00</t1> "Кадони шоу". <g1>16+</g1> <t1>01.45</t1> "Экстра такси". <g1>16+</g1> <t1>02.15</t1> <m1>"БерегОВАЯ ОХРАНА"</m1>. Телесериал. <g1>16+</g1> <t1>03.00</t1> <m1>"БерегОВАЯ ОХРАНА"</m1>. Телесериал. <g1>16+</g1> <t1>03.45</t1> <m1>"БерегОВАЯ ОХРАНА"</m1>. Телесериал. <g1>16+</g1> <t1>04.30</t1> <m1>"БерегОВАЯ ОХРАНА"</m1>. Телесериал. <g1>16+</g1> <t1>05.15</t1> "Мультфильмы". <g1>0+</g1>

<h1>XXI век</h1>
<t1>07.00</t1> <m1>"Лили Марлен"</m1>. Художественный фильм. <g1>16+</g1> <t1>09.05</t1> <m1>"Он и Она"</m1>. Художественный фильм. <g1>16+</g1> <t1>11.05</t1> <m1>"Быть Астрид Линдгрен"</m1>. Художественный фильм. <g1>18+</g1> <t1>13.15</t1> <m1>"Ханна. Совершенное оружие"</m1>. Художественный фильм. <g1>18+</g1> <t1>15.05</t1> <m1>"Обещание на рассвете"</m1>. Художественный фильм. <g1>16+</g1> <t1>17.20</t1> <m1>"Принцесса Монако"</m1>. Художественный фильм. <g1>18+</g1> <t1>19.00</t1> <m1>"Море соблазна"</m1>. Художественный фильм. <g1>18+</g1> <t1>20.50</t1> <m1>"Гангстер, коп и дьявол"</m1>. Художественный фильм. <g1>18+</g1> <t1>22.40</t1> <m1>"Девушка, подающая надежды"</m1>. Художественный фильм. <g1>18+</g1> <t1>00.25</t1> <m1>"Бруклинские полицейские"</m1>. Художественный фильм. <g1>18+</g1> <t1>02.30</t1> <m1>"Убийство Кеннета Чемберлена"</m1>. Художественный фильм. <g1>18+</g1> <t1>03.45</t1> <m1>"Полный нокдаун"</m1>. Художественный фильм. <g1>18+</g1> <t1>05.15</t1> <m1>"Королевская игра"</m1>. Художественный фильм. <g1>16+</g1>

<h1>Русский Иллюзион</h1>
<t1>06.55</t1> <m1>"Тэли и Толи"</m1>. Художественный фильм. <g1>16+</g1> <t1>08.15</t1> <m1>"Родители строгого режима"</m1>. Художественный фильм. <g1>16+</g1> <t1>09.40</t1> <m1>"Яйцо Фаберже"</m1>. Художественный фильм. <g1>16+</g1> <t1>11.15</t1> <m1>"Со дна вершины"</m1>. Художественный фильм. <g1>16+</g1> <t1>13.15</t1> <m1>"ПЯТЬ НЕВЕСТ"</m1>. Художественный фильм. <g1>16+</g1> <t1>14.10</t1> <m1>"ПЯТЬ НЕВЕСТ"</m1>. Художественный фильм. <g1>16+</g1> <t1>15.10</t1> <m1>"ПЯТЬ НЕВЕСТ"</m1>. Художественный фильм. <g1>16+</g1> <t1>16.05</t1> <m1>"ПЯТЬ НЕВЕСТ"</m1>. Художественный фильм. <g1>16+</g1> <t1>17.05</t1> <m1>"Своя война: Шторм в пустыне"</m1>. Художественный фильм. <g1>16+</g1> <t1>18.50</t1> <m1>"Позывной "Барон"</m1>. Художественный фильм. <g1>16+</g1> <t1>21.00</t1> <m1>"Рубеж"</m1>. Художественный фильм. <g1>16+</g1> <t1>22.50</t1> <m1>"Жили-были"</m1>. Художественный фильм. <g1>16+</g1> <t1>00.20</t1> <m1>"Чужая жизнь"</m1>. Художественный фильм. <g1>16+</g1> <t1>01.35</t1> <m1>"Полное дыхание"</m1>. Художественный фильм. <g1>16+</g1> <t1>03.20</t1> <m1>"Яйцо Фаберже"</m1>. Художественный фильм. <g1>16+</g1> <t1>04.45</t1> <m1>"Со дна вершины"</m1>. Художественный фильм. <g1>16+</g1>
</пн>
<вт><h1>TV-1000</h1>
<t1>06.30</t1> "Планета Ка-Пэкс". <g1>12+</g1> <t1>08.55</t1> "Чисто английские убийства". Сезон: 16. Серия: 3. <g1>16+</g1> <t1>09.45</t1> "Чисто английские убийства". Сезон: 16. Серия: 4. <g1>16+</g1> <t1>10.45</t1> "Красавица и чудовище". <g1>12+</g1> <t1>12.45</t1> "Дороги Индии". Сезон: 1. Серия: 1. <g1>16+</g1> <t1>13.40</t1> "Дороги Индии". Сезон: 1. Серия: 2. <g1>16+</g1> <t1>14.40</t1> "Трасса 60". <g1>16+</g1> <t1>16.40</t1> "Падение Луны". <g1>16+</g1> <t1>19.00</t1> "Ловушка времени". <g1>16+</g1> <t1>20.40</t1> <m1>"Облачный атлас"</m1>. Художественный фильм. <g1>16+</g1> <t1>23.40</t1> "Чисто английские убийства". Сезон: 16. Серия: 5. <g1>16+</g1> <t1>00.35</t1> "Чисто английские убийства". Сезон: 16. Серия: 6. <g1>16+</g1> <t1>01.25</t1> "Моя ужасная няня". <g1>12+</g1> <t1>03.00</t1> "Моя ужасная няня 2". <g1>12+</g1> <t1>04.45</t1> "Три орешка для Золушки". <g1>12+</g1>

<h1>TV-1000 Русское Кино</h1>
<t1>05.30</t1> "Царевны". <g1>6+</g1> <t1>06.15</t1> "Простоквашино". <g1>6+</g1> <t1>07.00</t1> "Три кота". <g1>6+</g1> <t1>07.40</t1> "Смешарики". <g1>6+</g1> <t1>08.25</t1> "Гуляй, Вася! Свидание на Бали". <g1>16+</g1> <t1>10.15</t1> "Крымский мост. Сделано с любовью!" <g1>16+</g1> <t1>12.05</t1> "Мальдивы подождут". <g1>16+</g1> <t1>13.40</t1> "Одна". <g1>16+</g1> <t1>15.30</t1> "На солнце, вдоль рядов кукурузы". <g1>6+</g1> <t1>17.10</t1> "Каникулы президента". <g1>16+</g1> <t1>19.00</t1> "Мастер и Маргарита". <g1>16+</g1> <t1>19.55</t1> "Мастер и Маргарита". <g1>16+</g1> <t1>20.55</t1> "Дракулов". <g1>16+</g1> <t1>22.25</t1> "Отчаянные дольщики". <g1>16+</g1> <t1>23.55</t1> "Тренер". <g1>16+</g1> <t1>02.10</t1> "Лев Яшин. Вратарь моей мечты". <g1>6+</g1> <t1>04.00</t1> "Тварь". <g1>16+</g1>

<h1>ТВ-3</h1>
<t1>06.00</t1> "Мультфильмы". <g1>0+</g1> <t1>08.30</t1> Мультипликационный сериал. "Леди Баг и Супер-Кот". Палач Душ. <g1>6+</g1> <t1>09.00</t1> <m1>"Любовная магия"</m1>. Телесериал. <g1>16+</g1> <t1>09.30</t1> "Гадалка". Не мое. <g1>16+</g1> <t1>10.00</t1> "Гадалка". Крысиная сущность. <g1>16+</g1> <t1>10.45</t1> "Гадалка". Цветы на могилу Лили. <g1>16+</g1> <t1>11.15</t1> "Гадалка". Макака. <g1>16+</g1> <t1>11.45</t1> "Гадалка". Заговоренный. <g1>16+</g1> <t1>12.20</t1> "Гадалка". С любовью, Саша. <g1>16+</g1> <t1>12.45</t1> "Гадалка". Посмертная маска. <g1>16+</g1> <t1>13.15</t1> "Гадалка". Красный венец. <g1>16+</g1> <t1>14.00</t1> "Гадалка". Кровавый пот. <g1>16+</g1> <t1>14.30</t1> "Гадалка". Училка. <g1>16+</g1> <t1>15.00</t1> "Гадалка". Премьера. Любимый папа. <g1>16+</g1> <t1>15.30</t1> "Слепая". Почти получилось. <g1>16+</g1> <t1>16.00</t1> "Слепая". Защитник по неволе. <g1>16+</g1> <t1>16.30</t1> "Слепая". Настина планка. <g1>16+</g1> <t1>17.00</t1> <m1>"Слепая"</m1>. Телесериал. <g1>16+</g1> <t1>17.30</t1> <m1>"Слепая"</m1>. Телесериал. <g1>16+</g1> <t1>18.00</t1> <m1>"ГЛУХАРЬ. ПРОДОЛЖЕНИЕ"</m1>. Телесериал. <g1>16+</g1> <t1>19.00</t1> <m1>"ГЛУХАРЬ. ПРОДОЛЖЕНИЕ"</m1>. Телесериал. <g1>16+</g1> <t1>20.00</t1> <m1>"ГЛУХАРЬ. ПРОДОЛЖЕНИЕ"</m1>. Телесериал. <g1>16+</g1> <t1>21.00</t1> <m1>"ГЛУХАРЬ. ПРОДОЛЖЕНИЕ"</m1>. Телесериал. <g1>16+</g1> <t1>22.00</t1> <m1>"ГЛУХАРЬ. ПРОДОЛЖЕНИЕ"</m1>. Телесериал. <g1>16+</g1> <t1>23.00</t1> <m1>"ДЕРЕВЕНСКИЕ ПРОТИВ ПРИШЕЛЬЦЕВ"</m1>. Художественный фильм. <g1>18+</g1> <t1>01.15</t1> <m1>"БерегОВАЯ ОХРАНА"</m1>. Телесериал. <g1>16+</g1> <t1>02.00</t1> <m1>"БерегОВАЯ ОХРАНА"</m1>. Телесериал. <g1>16+</g1> <t1>02.45</t1> <m1>"БерегОВАЯ ОХРАНА"</m1>. Телесериал. <g1>16+</g1> <t1>03.30</t1> <m1>"БерегОВАЯ ОХРАНА"</m1>. Телесериал. <g1>16+</g1> <t1>04.00</t1> <m1>"БерегОВАЯ ОХРАНА"</m1>. Телесериал. <g1>16+</g1> <t1>04.45</t1> <m1>"БерегОВАЯ ОХРАНА"</m1>. Телесериал. <g1>16+</g1> <t1>05.30</t1> "Мультфильмы". <g1>0+</g1>

<h1>XXI век</h1>
<t1>07.00</t1> <m1>"Подсолнухи"</m1>. Художественный фильм. <g1>16+</g1> <t1>08.55</t1> <m1>"Любовь со вкусом"</m1>. Художественный фильм. <g1>16+</g1> <t1>10.25</t1> <m1>"Девушка-невидимка"</m1>. Художественный фильм. <g1>16+</g1> <t1>12.20</t1> <m1>"13"</m1>. Художественный фильм. <g1>18+</g1> <t1>13.55</t1> <m1>"Итальянские каникулы"</m1>. Художественный фильм. <g1>16+</g1> <t1>15.50</t1> <m1>"Дедушка легкого поведения"</m1>. Художественный фильм. <g1>18+</g1> <t1>17.20</t1> <m1>"Большой Стэн"</m1>. Художественный фильм. <g1>18+</g1> <t1>19.00</t1> <m1>"Дождливый день в Нью-Йорке"</m1>. Художественный фильм. <g1>18+</g1> <t1>20.35</t1> <m1>"Поцелуй дракона"</m1>. Художественный фильм. <g1>18+</g1> <t1>22.15</t1> <m1>"Ханна. Совершенное оружие"</m1>. Художественный фильм. <g1>18+</g1> <t1>00.05</t1> <m1>"13 минут"</m1>. Художественный фильм. <g1>16+</g1> <t1>01.50</t1> <m1>"Черный ящик"</m1>. Художественный фильм. <g1>16+</g1> <t1>03.55</t1> <m1>"В ловушке"</m1>. Художественный фильм. <g1>16+</g1> <t1>05.25</t1> <m1>"Точка отсчета"</m1>. Художественный фильм. <g1>16+</g1>

<h1>Русский Иллюзион</h1>
<t1>06.30</t1> <m1>"Выиграть или победить"</m1>. Художественный фильм. <g1>12+</g1> <t1>08.05</t1> <m1>"В субботу"</m1>. Художественный фильм. <g1>16+</g1> <t1>09.50</t1> <m1>"ПЯТЬ НЕВЕСТ"</m1>. Художественный фильм. <g1>16+</g1> <t1>10.45</t1> <m1>"ПЯТЬ НЕВЕСТ"</m1>. Художественный фильм. <g1>16+</g1> <t1>11.45</t1> <m1>"ПЯТЬ НЕВЕСТ"</m1>. Художественный фильм. <g1>16+</g1> <t1>12.40</t1> <m1>"ПЯТЬ НЕВЕСТ"</m1>. Художественный фильм. <g1>16+</g1> <t1>13.40</t1> <m1>"Своя война: Шторм в пустыне"</m1>. Художественный фильм. <g1>16+</g1> <t1>15.25</t1> <m1>"Позывной "Барон"</m1>. Художественный фильм. <g1>16+</g1> <t1>17.35</t1> <m1>"Рубеж"</m1>. Художественный фильм. <g1>16+</g1> <t1>19.25</t1> <m1>"Жили-были"</m1>. Художественный фильм. <g1>16+</g1> <t1>21.00</t1> <m1>"Ночь длиною в жизнь"</m1>. Художественный фильм. <g1>16+</g1> <t1>22.40</t1> <m1>"На море"</m1>. Художественный фильм. <g1>16+</g1> <t1>00.25</t1> <m1>"Яйцо Фаберже"</m1>. Художественный фильм. <g1>16+</g1> <t1>01.50</t1> <m1>"Со дна вершины"</m1>. Художественный фильм. <g1>16+</g1> <t1>03.35</t1> <m1>"ПЯТЬ НЕВЕСТ"</m1>. Художественный фильм. <g1>16+</g1> <t1>04.25</t1> <m1>"ПЯТЬ НЕВЕСТ"</m1>. Художественный фильм. <g1>16+</g1> <t1>05.15</t1> <m1>"ПЯТЬ НЕВЕСТ"</m1>. Художественный фильм. <g1>16+</g1>
</вт>
<ср><h1>TV-1000</h1>
<t1>06.10</t1> <m1>"Облачный атлас"</m1>. Художественный фильм. <g1>16+</g1> <t1>09.00</t1> "Чисто английские убийства". Сезон: 16. Серия: 5. <g1>16+</g1> <t1>09.55</t1> "Чисто английские убийства". Сезон: 16. Серия: 6. <g1>16+</g1> <t1>10.55</t1> "Падение Луны". <g1>16+</g1> <t1>13.10</t1> "Дороги Индии". Сезон: 1. Серия: 3. <g1>16+</g1> <t1>14.10</t1> "Дороги Индии". Сезон: 1. Серия: 4. <g1>16+</g1> <t1>15.05</t1> "Эспен в королевстве троллей". <g1>6+</g1> <t1>17.05</t1> "Эспен в поисках Золотого замка". <g1>6+</g1> <t1>19.00</t1> "Бюро магических услуг". <g1>12+</g1> <t1>21.05</t1> "Белоснежка: Месть гномов". <g1>12+</g1> <t1>23.05</t1> "Чисто английские убийства". Сезон: 16. Серия: 7. <g1>16+</g1> <t1>23.55</t1> "Чисто английские убийства". Сезон: 16. Серия: 8. <g1>16+</g1> <t1>00.50</t1> "Эспен в королевстве троллей". <g1>6+</g1> <t1>02.30</t1> "Эспен в поисках Золотого замка". <g1>6+</g1> <t1>04.05</t1> "Бременские музыканты". <g1>12+</g1>

<h1>TV-1000 Русское Кино</h1>
<t1>05.30</t1> "Царевны". <g1>6+</g1> <t1>06.10</t1> "Простоквашино". <g1>6+</g1> <t1>06.40</t1> "Три кота". <g1>6+</g1> <t1>07.15</t1> "Смешарики". <g1>6+</g1> <t1>08.00</t1> "Щелкунчик и волшебная флейта". <g1>6+</g1> <t1>09.30</t1> "Отчаянные дольщики". <g1>16+</g1> <t1>11.00</t1> "Каникулы президента". <g1>16+</g1> <t1>12.45</t1> "Тренер". <g1>16+</g1> <t1>15.10</t1> "Лев Яшин. Вратарь моей мечты". <g1>6+</g1> <t1>17.15</t1> "Адам и Ева". <g1>18+</g1> <t1>19.00</t1> "Мастер и Маргарита". <g1>16+</g1> <t1>19.55</t1> "Мастер и Маргарита". <g1>16+</g1> <t1>20.50</t1> "Джунгли". <g1>16+</g1> <t1>22.20</t1> "Говорит Земля!" <g1>16+</g1> <t1>00.20</t1> "На Дерибасовской хорошая погода, или на Брайтон-Бич опять идут дожди". <g1>16+</g1> <t1>01.55</t1> "Дикая Лига". <g1>16+</g1> <t1>03.45</t1> "Одна". <g1>16+</g1> <t1>05.25</t1> "Антошка". <g1>6+</g1>

<h1>ТВ-3</h1>
<t1>06.00</t1> "Мультфильмы". <g1>0+</g1> <t1>08.30</t1> Мультипликационный сериал. "Леди Баг и Супер-Кот". Леди Банан. <g1>6+</g1> <t1>09.00</t1> <m1>"Любовная магия"</m1>. Телесериал. <g1>16+</g1> <t1>09.30</t1> "Гадалка". Заложница. <g1>16+</g1> <t1>10.00</t1> "Гадалка". Ведьма из Сети. <g1>16+</g1> <t1>10.45</t1> "Гадалка". Обрученная. <g1>16+</g1> <t1>11.15</t1> "Гадалка". Рыбья чешуя. <g1>16+</g1> <t1>11.45</t1> "Гадалка". Лекарь по наследству. <g1>16+</g1> <t1>12.20</t1> "Гадалка". Спасательница. <g1>16+</g1> <t1>12.45</t1> "Гадалка". Дом у болота. <g1>16+</g1> <t1>13.15</t1> "Гадалка". Черный альпинист. <g1>16+</g1> <t1>14.00</t1> "Гадалка". Пепел. <g1>16+</g1> <t1>14.30</t1> "Гадалка". Любовь по привычке. <g1>16+</g1> <t1>15.00</t1> "Гадалка". Премьера. Не игрушка. <g1>16+</g1> <t1>15.30</t1> "Слепая". Живой подарок. <g1>16+</g1> <t1>16.00</t1> "Слепая". Льдинка. <g1>16+</g1> <t1>16.30</t1> "Слепая". Вопросы и ответы. <g1>16+</g1> <t1>17.00</t1> <m1>"Слепая"</m1>. Телесериал. <g1>16+</g1> <t1>17.30</t1> <m1>"Слепая"</m1>. Телесериал. <g1>16+</g1> <t1>18.00</t1> <m1>"ГЛУХАРЬ. ПРОДОЛЖЕНИЕ"</m1>. Телесериал. <g1>16+</g1> <t1>19.00</t1> <m1>"ГЛУХАРЬ. ПРОДОЛЖЕНИЕ"</m1>. Телесериал. <g1>16+</g1> <t1>20.00</t1> <m1>"ГЛУХАРЬ. ПРОДОЛЖЕНИЕ"</m1>. Телесериал. <g1>16+</g1> <t1>21.00</t1> <m1>"ГЛУХАРЬ. ПРОДОЛЖЕНИЕ"</m1>. Телесериал. <g1>16+</g1> <t1>22.00</t1> <m1>"ГЛУХАРЬ. ПРОДОЛЖЕНИЕ"</m1>. Телесериал. <g1>16+</g1> <t1>23.00</t1> <m1>"НЕЧТО"</m1>. Художественный фильм. <g1>18+</g1> <t1>01.15</t1> <m1>"БерегОВАЯ ОХРАНА"</m1>. Телесериал. <g1>16+</g1> <t1>02.00</t1> <m1>"БерегОВАЯ ОХРАНА"</m1>. Телесериал. <g1>16+</g1> <t1>02.45</t1> <m1>"БерегОВАЯ ОХРАНА"</m1>. Телесериал. <g1>16+</g1> <t1>03.30</t1> <m1>"БерегОВАЯ ОХРАНА"</m1>. Телесериал. <g1>16+</g1> <t1>04.15</t1> <m1>"БерегОВАЯ ОХРАНА"</m1>. Телесериал. <g1>16+</g1> <t1>05.00</t1> <m1>"БерегОВАЯ ОХРАНА"</m1>. Телесериал. <g1>16+</g1> <t1>05.45</t1> "Мультфильмы". <g1>0+</g1>

<h1>XXI век</h1>
<t1>07.00</t1> <m1>"Это началось в Неаполе"</m1>. Художественный фильм. <g1>16+</g1> <t1>08.45</t1> <m1>"Афера по-итальянски"</m1>. Художественный фильм. <g1>18+</g1> <t1>10.25</t1> <m1>"Жених на двоих"</m1>. Художественный фильм. <g1>16+</g1> <t1>12.00</t1> <m1>"Принцесса Монако"</m1>. Художественный фильм. <g1>18+</g1> <t1>13.45</t1> <m1>"Куда ты пропала, Бернадетт?"</m1> Художественный фильм. <g1>16+</g1> <t1>15.35</t1> <m1>"Колесо чудес"</m1>. Художественный фильм. <g1>16+</g1> <t1>17.10</t1> <m1>"Девушка, подающая надежды"</m1>. Художественный фильм. <g1>18+</g1> <t1>19.00</t1> <m1>"Во власти стихии"</m1>. Художественный фильм. <g1>18+</g1> <t1>20.40</t1> <m1>"Эскобар"</m1>. Художественный фильм. <g1>18+</g1> <t1>22.20</t1> <m1>"13"</m1>. Художественный фильм. <g1>18+</g1> <t1>23.55</t1> <m1>"Кровь за кровь"</m1>. Художественный фильм. <g1>18+</g1> <t1>01.40</t1> <m1>"Ностальгия"</m1>. Художественный фильм. <g1>16+</g1> <t1>03.30</t1> <m1>"Певица на всю голову"</m1>. Художественный фильм. <g1>16+</g1> <t1>05.10</t1> <m1>"Спасти панду"</m1>. Художественный фильм. <g1>16+</g1>

<h1>Русский Иллюзион</h1>
<t1>06.05</t1> <m1>"ПЯТЬ НЕВЕСТ"</m1>. Художественный фильм. <g1>16+</g1> <t1>06.55</t1> <m1>"Я на перемотке!"</m1> Художественный фильм. <g1>16+</g1> <t1>08.20</t1> <m1>"Поездка к матери"</m1>. Художественный фильм. <g1>16+</g1> <t1>10.05</t1> <m1>"Своя война: Шторм в пустыне"</m1>. Художественный фильм. <g1>16+</g1> <t1>11.55</t1> <m1>"Позывной "Барон"</m1>. Художественный фильм. <g1>16+</g1> <t1>14.05</t1> <m1>"Рубеж"</m1>. Художественный фильм. <g1>16+</g1> <t1>15.55</t1> <m1>"Жили-были"</m1>. Художественный фильм. <g1>16+</g1> <t1>17.30</t1> <m1>"Ночь длиною в жизнь"</m1>. Художественный фильм. <g1>16+</g1> <t1>19.10</t1> <m1>"На море"</m1>. Художественный фильм. <g1>16+</g1> <t1>21.00</t1> <m1>"Ровесники"</m1>. Художественный фильм. <g1>16+</g1> <t1>22.45</t1> <m1>"Авантюристы"</m1>. Художественный фильм. <g1>12+</g1> <t1>00.20</t1> <m1>"ПЯТЬ НЕВЕСТ"</m1>. Художественный фильм. <g1>16+</g1> <t1>01.10</t1> <m1>"ПЯТЬ НЕВЕСТ"</m1>. Художественный фильм. <g1>16+</g1> <t1>02.00</t1> <m1>"ПЯТЬ НЕВЕСТ"</m1>. Художественный фильм. <g1>16+</g1> <t1>02.50</t1> <m1>"ПЯТЬ НЕВЕСТ"</m1>. Художественный фильм. <g1>16+</g1> <t1>03.40</t1> <m1>"Своя война: Шторм в пустыне"</m1>. Художественный фильм. <g1>16+</g1> <t1>05.10</t1> <m1>"Позывной "Барон"</m1>. Художественный фильм. <g1>16+</g1>
</ср>
<чт><h1>TV-1000</h1>
<t1>06.00</t1> "Колдунья приходит ночью". <g1>16+</g1> <t1>07.40</t1> "Три орешка для Золушки". <g1>12+</g1> <t1>09.15</t1> "Чисто английские убийства". Сезон: 16. Серия: 7. <g1>16+</g1> <t1>10.00</t1> "Чисто английские убийства". Сезон: 16. Серия: 8. <g1>16+</g1> <t1>11.05</t1> "Принцесса и Руна времени". <g1>12+</g1> <t1>13.15</t1> "Дороги Индии". Сезон: 1. Серия: 5. <g1>16+</g1> <t1>14.05</t1> "Дороги Индии". Сезон: 1. Серия: 6. <g1>16+</g1> <t1>15.05</t1> "Бюро магических услуг". <g1>12+</g1> <t1>17.15</t1> "Земля. Перезагрузка". <g1>16+</g1> <t1>19.00</t1> "Игра Эндера". <g1>12+</g1> <t1>21.05</t1> "Сверхъестественное". <g1>16+</g1> <t1>22.45</t1> "Чисто английские убийства". Сезон: 16. Серия: 9. <g1>16+</g1> <t1>23.35</t1> "Чисто английские убийства". Сезон: 16. Серия: 10. <g1>16+</g1> <t1>00.35</t1> "Красавица и чудовище". <g1>12+</g1> <t1>02.20</t1> "Колдунья приходит ночью". <g1>16+</g1> <t1>03.55</t1> "Тайна Мунакра". <g1>12+</g1>

<h1>TV-1000 Русское Кино</h1>
<t1>05.30</t1> "Царевны". <g1>6+</g1> <t1>06.20</t1> "Простоквашино". <g1>6+</g1> <t1>07.05</t1> "Три кота". <g1>6+</g1> <t1>07.50</t1> "Смешарики". <g1>6+</g1> <t1>08.40</t1> "Мальдивы подождут". <g1>16+</g1> <t1>10.15</t1> "Говорит Земля!" <g1>16+</g1> <t1>12.15</t1> "Адам и Ева". <g1>18+</g1> <t1>13.55</t1> "Джунгли". <g1>16+</g1> <t1>15.25</t1> "Дикая Лига". <g1>16+</g1> <t1>17.25</t1> "Проклятый чиновник". <g1>16+</g1> <t1>19.00</t1> "Мастер и Маргарита". <g1>16+</g1> <t1>19.55</t1> "Мастер и Маргарита". <g1>16+</g1> <t1>20.50</t1> "Беременный". <g1>18+</g1> <t1>22.25</t1> "Подарок с характером". <g1>6+</g1> <t1>00.00</t1> "Вождь разнокожих". <g1>16+</g1> <t1>01.30</t1> "Крымский мост. Сделано с любовью!" <g1>16+</g1> <t1>03.05</t1> "Гуляй, Вася! Свидание на Бали". <g1>16+</g1> <t1>04.50</t1> "Аленький цветочек". <g1>6+</g1>

<h1>ТВ-3</h1>
<t1>06.00</t1> "Мультфильмы". <g1>0+</g1> <t1>08.30</t1> Мультипликационный сериал. "Леди Баг и Супер-Кот". Габриэль Агрест. <g1>6+</g1> <t1>09.00</t1> <m1>"Любовная магия"</m1>. Телесериал. <g1>16+</g1> <t1>09.30</t1> "Гадалка". Живое и мертвое. <g1>16+</g1> <t1>10.00</t1> "Гадалка". Кожа и кости. <g1>16+</g1> <t1>10.45</t1> "Гадалка". Круг проклятия. <g1>16+</g1> <t1>11.15</t1> "Гадалка". Петля сознания. <g1>16+</g1> <t1>11.45</t1> "Гадалка". Чужое имя. <g1>16+</g1> <t1>12.20</t1> "Гадалка". Лиан-Ши. <g1>16+</g1> <t1>12.45</t1> "Гадалка". Белая роза. <g1>16+</g1> <t1>13.15</t1> "Гадалка". Уйти или остаться. <g1>16+</g1> <t1>14.00</t1> "Гадалка". Слеза ребенка. <g1>16+</g1> <t1>14.30</t1> "Гадалка". Нечистая совесть. <g1>16+</g1> <t1>15.00</t1> "Гадалка". Премьера. Верь мне. <g1>16+</g1> <t1>15.30</t1> "Слепая". Попытка номер три. <g1>16+</g1> <t1>16.00</t1> "Слепая". В последний раз. <g1>16+</g1> <t1>16.30</t1> "Слепая". Электронный ключ. <g1>16+</g1> <t1>17.00</t1> <m1>"Слепая"</m1>. Телесериал. <g1>16+</g1> <t1>17.30</t1> <m1>"Слепая"</m1>. Телесериал. <g1>16+</g1> <t1>18.00</t1> <m1>"ГЛУХАРЬ. ПРОДОЛЖЕНИЕ"</m1>. Телесериал. <g1>16+</g1> <t1>19.00</t1> <m1>"ГЛУХАРЬ. ПРОДОЛЖЕНИЕ"</m1>. Телесериал. <g1>16+</g1> <t1>20.00</t1> <m1>"ГЛУХАРЬ. ПРОДОЛЖЕНИЕ"</m1>. Телесериал. <g1>16+</g1> <t1>21.00</t1> <m1>"ГЛУХАРЬ. ПРОДОЛЖЕНИЕ"</m1>. Телесериал. <g1>16+</g1> <t1>22.00</t1> <m1>"ГЛУХАРЬ. ПРОДОЛЖЕНИЕ"</m1>. Телесериал. <g1>16+</g1> <t1>23.00</t1> <m1>"ТЕМНОЕ ЗЕРКАЛО"</m1>. Художественный фильм. <g1>18+</g1> <t1>01.15</t1> <m1>"БерегОВАЯ ОХРАНА"</m1>. Телесериал. <g1>16+</g1> <t1>02.00</t1> <m1>"БерегОВАЯ ОХРАНА"</m1>. Телесериал. <g1>16+</g1> <t1>02.45</t1> <m1>"БерегОВАЯ ОХРАНА"</m1>. Телесериал. <g1>16+</g1> <t1>03.30</t1> <m1>"БерегОВАЯ ОХРАНА"</m1>. Телесериал. <g1>16+</g1> <t1>04.15</t1> <m1>"БерегОВАЯ ОХРАНА"</m1>. Телесериал. <g1>16+</g1> <t1>05.00</t1> <m1>"БерегОВАЯ ОХРАНА"</m1>. Телесериал. <g1>16+</g1> <t1>05.45</t1> "Мультфильмы". <g1>0+</g1>

<h1>XXI век</h1>
<t1>07.00</t1> <m1>"Повторный брак"</m1>. Художественный фильм. <g1>16+</g1> <t1>08.45</t1> <m1>"Дом летающих кинжалов"</m1>. Художественный фильм. <g1>16+</g1> <t1>10.45</t1> <m1>"Ложь во спасение"</m1>. Художественный фильм. <g1>16+</g1> <t1>12.35</t1> Большой Стэн". Художественный фильм. <g1>18+</g1> <t1>14.15</t1> <m1>"Бармен"</m1>. Художественный фильм. <g1>18+</g1> <t1>15.50</t1> <m1>"Полночь в Париже"</m1>. Художественный фильм. <g1>18+</g1> <t1>17.25</t1> <m1>"13"</m1>. Художественный фильм. <g1>18+</g1> <t1>19.00</t1> <m1>"Волк с Уолл-Стрит"</m1>. Художественный фильм. <g1>18+</g1> <t1>21.50</t1> <m1>"Принцесса Монако"</m1>. Художественный фильм. <g1>18+</g1> <t1>23.35</t1> <m1>"Измена"</m1>. Художественный фильм. <g1>18+</g1> <t1>01.05</t1> <m1>"Время возмездия"</m1>. Художественный фильм. <g1>18+</g1> <t1>03.00</t1> <m1>"Извержение"</m1>. Художественный фильм. <g1>16+</g1> <t1>05.00</t1> <m1>"Надежда"</m1>. Художественный фильм. <g1>16+</g1>

<h1>Русский Иллюзион</h1>
<t1>07.10</t1> <m1>"От печали до радости"</m1>. Художественный фильм. <g1>16+</g1> <t1>08.40</t1> <m1>"Пара из будущего"</m1>. Художественный фильм. <g1>16+</g1> <t1>10.40</t1> <m1>"Рубеж"</m1>. Художественный фильм. <g1>16+</g1> <t1>12.25</t1> <m1>"Жили-были"</m1>. Художественный фильм. <g1>16+</g1> <t1>14.00</t1> <m1>"Ночь длиною в жизнь"</m1>. Художественный фильм. <g1>16+</g1> <t1>15.45</t1> <m1>"На море"</m1>. Художественный фильм. <g1>16+</g1> <t1>17.35</t1> <m1>"Ровесники"</m1>. Художественный фильм. <g1>16+</g1> <t1>19.20</t1> <m1>"Авантюристы"</m1>. Художественный фильм. <g1>12+</g1> <t1>21.00</t1> <m1>"Капитан Голливуд"</m1>. Художественный фильм. <g1>16+</g1> <t1>22.55</t1> <m1>"Призрак"</m1>. Художественный фильм. <g1>16+</g1> <t1>00.45</t1> <m1>"Своя война: Шторм в пустыне"</m1>. Художественный фильм. <g1>16+</g1> <t1>02.20</t1> <m1>"Позывной "Барон"</m1>. Художественный фильм. <g1>16+</g1> <t1>04.15</t1> <m1>"Рубеж"</m1>. Художественный фильм. <g1>16+</g1> <t1>05.50</t1> <m1>"Жили-были"</m1>. Художественный фильм. <g1>16+</g1>
</чт>
<пт><h1>TV-1000</h1>
<t1>05.40</t1> "Сверхъестественное". <g1>16+</g1> <t1>07.05</t1> "Земля. Перезагрузка". <g1>16+</g1> <t1>08.45</t1> "Чисто английские убийства". Сезон: 16. Серия: 9. <g1>16+</g1> <t1>09.40</t1> "Чисто английские убийства". Сезон: 16. Серия: 10. <g1>16+</g1> <t1>10.40</t1> "Игра Эндера". <g1>12+</g1> <t1>12.40</t1> "Дороги Индии". Сезон: 1. Серия: 7. <g1>16+</g1> <t1>13.35</t1> "Дороги Индии". Сезон: 1. Серия: 8. <g1>16+</g1> <t1>14.30</t1> "Равные". <g1>16+</g1> <t1>16.25</t1> "Дивергент". <g1>16+</g1> <t1>19.00</t1> "Дивергент, глава 2: Инсургент". <g1>16+</g1> <t1>21.05</t1> "Дивергент, глава 3: За стеной". <g1>16+</g1> <t1>23.15</t1> "Чисто английские убийства". Сезон: 17. Серия: 1. <g1>16+</g1> <t1>00.10</t1> "Чисто английские убийства". Сезон: 17. Серия: 2. <g1>16+</g1> <t1>01.00</t1> "Планета Ка-Пэкс". <g1>12+</g1> <t1>02.55</t1> "Космос между нами". <g1>16+</g1> <t1>04.45</t1> "Гостья". <g1>16+</g1>

<h1>TV-1000 Русское Кино</h1>
<t1>05.30</t1> "Царевны". <g1>6+</g1> <t1>06.20</t1> "Простоквашино". <g1>6+</g1> <t1>07.15</t1> "Три кота". <g1>6+</g1> <t1>08.05</t1> "Смешарики". <g1>6+</g1> <t1>09.00</t1> "Подарок с характером". <g1>6+</g1> <t1>10.30</t1> "Вождь разнокожих". <g1>16+</g1> <t1>12.05</t1> "Проклятый чиновник". <g1>16+</g1> <t1>13.40</t1> "Дракулов". <g1>16+</g1> <t1>15.10</t1> "Гуляй, Вася! Свидание на Бали". <g1>16+</g1> <t1>17.05</t1> "Елки-иголки". <g1>6+</g1> <t1>19.00</t1> "Мастер и Маргарита". <g1>16+</g1> <t1>20.00</t1> "Мастер и Маргарита". <g1>16+</g1> <t1>20.55</t1> "В спорте только девушки". <g1>16+</g1> <t1>22.30</t1> "Быть". <g1>16+</g1> <t1>00.25</t1> "Отчаянные дольщики". <g1>16+</g1> <t1>01.50</t1> "Дракулов". <g1>16+</g1> <t1>03.15</t1> "Каникулы президента". <g1>16+</g1> <t1>04.50</t1> "Серая шейка". <g1>6+</g1> <t1>05.10</t1> "Чудесный колокольчик". <g1>6+</g1>

<h1>ТВ-3</h1>
<t1>06.00</t1> "Мультфильмы". <g1>0+</g1> <t1>08.30</t1> Мультипликационный сериал. "Леди Баг и Супер-Кот". Мега Пиявка. <g1>6+</g1> <t1>09.00</t1> "Новый день". <g1>16+</g1> <t1>09.30</t1> <m1>"Порча"</m1>. Телесериал. <g1>16+</g1> <t1>10.00</t1> <m1>"Порча"</m1>. Телесериал. <g1>16+</g1> <t1>10.30</t1> <m1>"Порча"</m1>. Телесериал. <g1>16+</g1> <t1>11.00</t1> <m1>"Порча"</m1>. Телесериал. <g1>16+</g1> <t1>11.30</t1> <m1>"Порча"</m1>. Телесериал. <g1>16+</g1> <t1>12.00</t1> <m1>"Порча"</m1>. Телесериал. <g1>16+</g1> <t1>12.30</t1> <m1>"Порча"</m1>. Телесериал. <g1>16+</g1> <t1>13.00</t1> <m1>"Порча"</m1>. Телесериал. <g1>16+</g1> <t1>13.30</t1> <m1>"Порча"</m1>. Телесериал. <g1>16+</g1> <t1>14.00</t1> <m1>"Порча"</m1>. Телесериал. <g1>16+</g1> <t1>14.45</t1> <m1>"Порча"</m1>. Телесериал. <g1>16+</g1> <t1>15.15</t1> "Слепая". Привычка. <g1>16+</g1> <t1>15.45</t1> "Слепая". Лестница. <g1>16+</g1> <t1>16.15</t1> "Слепая". Мамино мыло. <g1>16+</g1> <t1>16.45</t1> "Слепая". Минута до…). <g1>16+</g1> <t1>17.15</t1> "Слепая". Трижды два. <g1>16+</g1> <t1>18.00</t1> "Слепая". Слоеный кубик. <g1>16+</g1> <t1>18.30</t1> "Слепая". Рыбка номер пять. <g1>16+</g1> <t1>19.00</t1> <m1>"ТРАССА 60"</m1>. Художественный фильм. <g1>16+</g1> <t1>21.30</t1> <m1>"ПАРАЛЛЕЛЬНЫЕ МИРЫ"</m1>. Художественный фильм. <g1>16+</g1> <t1>23.30</t1> <m1>"ПУТЕШЕСТВЕННИЦА ВО ВРЕМЕНИ"</m1>. Художественный фильм. <g1>16+</g1> <t1>01.45</t1> <m1>"БерегОВАЯ ОХРАНА"</m1>. Телесериал. <g1>16+</g1> <t1>02.30</t1> <m1>"БерегОВАЯ ОХРАНА"</m1>. Телесериал. <g1>16+</g1> <t1>03.15</t1> <m1>"БерегОВАЯ ОХРАНА"</m1>. Телесериал. <g1>16+</g1> <t1>04.00</t1> <m1>"БерегОВАЯ ОХРАНА"</m1>. Телесериал. <g1>16+</g1> <t1>04.45</t1> <m1>"БерегОВАЯ ОХРАНА"</m1>. Телесериал. <g1>16+</g1> <t1>05.30</t1> "Мультфильмы". <g1>0+</g1>

<h1>XXI век</h1>
<t1>07.00</t1> <m1>"Побег"</m1>. Художественный фильм. <g1>16+</g1> <t1>08.45</t1> <m1>"Мечты сбываются!"</m1> Художественный фильм. <g1>16+</g1> <t1>10.25</t1> <m1>"Мой любимый враг"</m1>. Художественный фильм. <g1>16+</g1> <t1>12.10</t1> <m1>"Девушка, подающая надежды"</m1>. Художественный фильм. <g1>18+</g1> <t1>14.00</t1> <m1>"Корсиканец"</m1>. Художественный фильм. <g1>16+</g1> <t1>15.40</t1> <m1>"Мания"</m1>. Художественный фильм. <g1>16+</g1> <t1>17.10</t1> <m1>"Ханна. Совершенное оружие"</m1>. Художественный фильм. <g1>18+</g1> <t1>19.00</t1> <m1>"Никита"</m1>. Художественный фильм. <g1>16+</g1> <t1>21.10</t1> <m1>"Банды Парижа"</m1>. Художественный фильм. <g1>18+</g1> <t1>22.50</t1> <m1>"Большой Стэн"</m1>. Художественный фильм. <g1>18+</g1> <t1>00.25</t1> <m1>"Опасное расследование"</m1>. Художественный фильм. <g1>16+</g1> <t1>01.55</t1> <m1>"Сбой сознания"</m1>. Художественный фильм. <g1>18+</g1> <t1>03.40</t1> <m1>"Иногда. Всегда. Никогда"</m1>. Художественный фильм. <g1>16+</g1> <t1>05.05</t1> <m1>"Самый лучший босс"</m1>. Художественный фильм. <g1>18+</g1>

<h1>Русский Иллюзион</h1>
<t1>07.10</t1> <m1>"Маруся (Франция,)"</m1>. Художественный фильм. <g1>16+</g1> <t1>08.35</t1> <m1>"Понаехали"</m1>. Художественный фильм. <g1>16+</g1> <t1>10.10</t1> <m1>"Ночь длиною в жизнь"</m1>. Художественный фильм. <g1>16+</g1> <t1>11.50</t1> <m1>"На море"</m1>. Художественный фильм. <g1>16+</g1> <t1>13.40</t1> <m1>"Ровесники"</m1>. Художественный фильм. <g1>16+</g1> <t1>15.25</t1> <m1>"Авантюристы"</m1>. Художественный фильм. <g1>12+</g1> <t1>17.05</t1> <m1>"Капитан Голливуд"</m1>. Художественный фильм. <g1>16+</g1> <t1>19.00</t1> <m1>"Призрак"</m1>. Художественный фильм. <g1>16+</g1> <t1>21.00</t1> <m1>"ФАНТАЗИЯ БЕЛЫХ НОЧЕЙ"</m1>. Художественный фильм. <g1>16+</g1> <t1>22.00</t1> <m1>"ФАНТАЗИЯ БЕЛЫХ НОЧЕЙ"</m1>. Художественный фильм. <g1>16+</g1> <t1>22.55</t1> <m1>"ФАНТАЗИЯ БЕЛЫХ НОЧЕЙ"</m1>. Художественный фильм. <g1>16+</g1> <t1>23.55</t1> <m1>"ФАНТАЗИЯ БЕЛЫХ НОЧЕЙ"</m1>. Художественный фильм. <g1>16+</g1> <t1>00.45</t1> <m1>"Рубеж"</m1>. Художественный фильм. <g1>16+</g1> <t1>02.20</t1> <m1>"Жили-были"</m1>. Художественный фильм. <g1>16+</g1> <t1>03.45</t1> <m1>"Ночь длиною в жизнь"</m1>. Художественный фильм. <g1>16+</g1> <t1>05.10</t1> <m1>"На море"</m1>. Художественный фильм. <g1>16+</g1>
</пт>
<сб><h1>TV-1000</h1>
<t1>06.40</t1> "Равные". <g1>16+</g1> <t1>08.25</t1> "Дивергент". <g1>16+</g1> <t1>11.00</t1> "Чисто английские убийства". Сезон: 11. Серия: 5. <g1>16+</g1> <t1>11.55</t1> "Чисто английские убийства". Сезон: 11. Серия: 6. <g1>16+</g1> <t1>12.45</t1> "Чисто английские убийства". Сезон: 11. Серия: 7. <g1>16+</g1> <t1>13.45</t1> "Чисто английские убийства". Сезон: 11. Серия: 8. <g1>16+</g1> <t1>14.40</t1> "Дивергент, глава 2: Инсургент". <g1>16+</g1> <t1>16.50</t1> "Дивергент, глава 3: За стеной". <g1>16+</g1> <t1>19.00</t1> "Приглашение к убийству". <g1>16+</g1> <t1>20.45</t1> "Скрюченный домишко". <g1>16+</g1> <t1>22.55</t1> "Достать ножи". <g1>16+</g1> <t1>01.15</t1> "Падение Луны". <g1>16+</g1> <t1>03.10</t1> <m1>"Облачный атлас"</m1>. Художественный фильм. <g1>16+</g1>

<h1>TV-1000 Русское Кино</h1>
<t1>05.30</t1> "Три кота". <g1>6+</g1> <t1>06.20</t1> "Смешарики". <g1>6+</g1> <t1>07.15</t1> "Простоквашино". <g1>6+</g1> <t1>08.20</t1> "Царевны". <g1>6+</g1> <t1>09.35</t1> "Волки и овцы: бе-е-е-зумное превращение". <g1>6+</g1> <t1>11.00</t1> "Мастер и Маргарита". <g1>16+</g1> <t1>11.50</t1> "Мастер и Маргарита". <g1>16+</g1> <t1>12.45</t1> "Мастер и Маргарита". <g1>16+</g1> <t1>13.40</t1> "Мастер и Маргарита". <g1>16+</g1> <t1>14.40</t1> "Мастер и Маргарита". <g1>16+</g1> <t1>15.35</t1> "Тайна печати дракона". <g1>12+</g1> <t1>17.45</t1> "Гоголь. Начало". <g1>16+</g1> <t1>19.40</t1> "Гоголь. Вий". <g1>16+</g1> <t1>21.25</t1> "Гоголь. Страшная месть". <g1>16+</g1> <t1>23.20</t1> "Адам и Ева". <g1>18+</g1> <t1>01.00</t1> "Джунгли". <g1>16+</g1> <t1>02.20</t1> "Говорит Земля!" <g1>16+</g1> <t1>04.10</t1> "Приключения Буратино". <g1>6+</g1> <t1>05.20</t1> "Муха-цокотуха". <g1>6+</g1>

<h1>ТВ-3</h1>
<t1>06.00</t1> "Мультфильмы". <g1>0+</g1> <t1>08.30</t1> "Вкусно с Анфисой Чеховой". Премьера. Любовное настроение. Александра Савельева. <g1>16+</g1> <t1>09.00</t1> Мультипликационный сериал. "Леди Баг и Супер-Кот". Вина. <g1>6+</g1> <t1>09.30</t1> Мультипликационный сериал. "Леди Баг и Супер-Кот". Крокодуэль. <g1>6+</g1> <t1>10.00</t1> Мультипликационный сериал. "Леди Баг и Супер-Кот". Оптигами. <g1>6+</g1> <t1>10.30</t1> <m1>"ТАЙНА ВОЛШЕБНЫХ ЧАСОВ"</m1>. Художественный фильм. <g1>6+</g1> <t1>12.30</t1> <m1>"ТРАССА 60"</m1>. Художественный фильм. <g1>16+</g1> <t1>15.00</t1> <m1>"ПАРАЛЛЕЛЬНЫЕ МИРЫ"</m1>. Художественный фильм. <g1>16+</g1> <t1>17.00</t1> <m1>"ЛОВУШКА ВРЕМЕНИ"</m1>. Художественный фильм. <g1>16+</g1> <t1>19.00</t1> <m1>"МЕГАН: К ВАШИМ УСЛУГАМ"</m1>. Художественный фильм. <g1>16+</g1> <t1>21.00</t1> <m1>"ГОСТЬЯ"</m1>. Художественный фильм. <g1>16+</g1> <t1>23.45</t1> <m1>"КРОВЬ И ШОКОЛАД"</m1>. Художественный фильм. <g1>18+</g1> <t1>01.30</t1> <m1>"БерегОВАЯ ОХРАНА"</m1>. Телесериал. <g1>16+</g1> <t1>02.15</t1> <m1>"БерегОВАЯ ОХРАНА"</m1>. Телесериал. <g1>16+</g1> <t1>03.00</t1> <m1>"БерегОВАЯ ОХРАНА"</m1>. Телесериал. <g1>16+</g1> <t1>03.45</t1> <m1>"БерегОВАЯ ОХРАНА"</m1>. Телесериал. <g1>16+</g1> <t1>04.30</t1> <m1>"БерегОВАЯ ОХРАНА"</m1>. Телесериал. <g1>16+</g1> <t1>05.15</t1> "Мультфильмы". <g1>0+</g1>

<h1>XXI век</h1>
<t1>07.00</t1> <m1>"Папа за маму"</m1>. Художественный фильм. <g1>16+</g1> <t1>08.35</t1> <m1>"Холостяки"</m1>. Художественный фильм. <g1>16+</g1> <t1>10.20</t1> <m1>"Жанна д'Арк"</m1>. Художественный фильм. <g1>16+</g1> <t1>13.00</t1> <m1>"Тоня против всех"</m1>. Художественный фильм. <g1>18+</g1> <t1>14.55</t1> <m1>"Скрюченный домишко"</m1>. Художественный фильм. <g1>16+</g1> <t1>16.55</t1> <m1>"Багровые реки"</m1>. Художественный фильм. <g1>16+</g1> <t1>18.50</t1> <m1>"Достучаться до небес"</m1>. Художественный фильм. <g1>18+</g1> <t1>20.20</t1> <m1>"1+1"</m1>. Художественный фильм. <g1>18+</g1> <t1>22.15</t1> <m1>"Игра в имитацию"</m1>. Художественный фильм. <g1>18+</g1> <t1>00.10</t1> <m1>"Доспехи Бога 3: Миссия Зодиак"</m1>. Художественный фильм. <g1>16+</g1> <t1>02.10</t1> <m1>"Королевский гамбит"</m1>. Художественный фильм. <g1>16+</g1> <t1>03.55</t1> <m1>"На грани жизни"</m1>. Художественный фильм. <g1>16+</g1> <t1>05.20</t1> <m1>"Я - Златан"</m1>. Художественный фильм. <g1>16+</g1>

<h1>Русский Иллюзион</h1>
<t1>06.50</t1> <m1>"Здравствуй, Дедушка Мороз!"</m1> Художественный фильм. <g1>12+</g1> <t1>08.10</t1> <m1>"Болевой порог"</m1>. Художественный фильм. <g1>16+</g1> <t1>09.45</t1> <m1>"Ровесники"</m1>. Художественный фильм. <g1>16+</g1> <t1>11.30</t1> <m1>"Авантюристы"</m1>. Художественный фильм. <g1>12+</g1> <t1>13.10</t1> <m1>"Капитан Голливуд"</m1>. Художественный фильм. <g1>16+</g1> <t1>15.05</t1> <m1>"Призрак"</m1>. Художественный фильм. <g1>16+</g1> <t1>17.10</t1> <m1>"ФАНТАЗИЯ БЕЛЫХ НОЧЕЙ"</m1>. Художественный фильм. <g1>16+</g1> <t1>18.05</t1> <m1>"ФАНТАЗИЯ БЕЛЫХ НОЧЕЙ"</m1>. Художественный фильм. <g1>16+</g1> <t1>19.05</t1> <m1>"ФАНТАЗИЯ БЕЛЫХ НОЧЕЙ"</m1>. Художественный фильм. <g1>16+</g1> <t1>20.00</t1> <m1>"ФАНТАЗИЯ БЕЛЫХ НОЧЕЙ"</m1>. Художественный фильм. <g1>16+</g1> <t1>21.00</t1> <m1>"Выиграть или победить"</m1>. Художественный фильм. <g1>12+</g1> <t1>22.45</t1> <m1>"Один день лета"</m1>. Художественный фильм. <g1>16+</g1> <t1>00.30</t1> <m1>"Ночь длиною в жизнь"</m1>. Художественный фильм. <g1>16+</g1> <t1>01.55</t1> <m1>"На море"</m1>. Художественный фильм. <g1>16+</g1> <t1>03.35</t1> <m1>"Ровесники"</m1>. Художественный фильм. <g1>16+</g1> <t1>05.05</t1> <m1>"Авантюристы"</m1>. Художественный фильм. <g1>12+</g1>
</сб>
<вс><h1>TV-1000</h1>
<t1>05.45</t1> "Ловушка времени". <g1>16+</g1> <t1>07.10</t1> "Скрюченный домишко". <g1>16+</g1> <t1>09.10</t1> "Приглашение к убийству". <g1>16+</g1> <t1>10.55</t1> "Чисто английские убийства". Сезон: 11. Серия: 9. <g1>16+</g1> <t1>12.00</t1> "Чисто английские убийства". Сезон: 11. Серия: 10. <g1>16+</g1> <t1>12.50</t1> "Чисто английские убийства". Сезон: 11. Серия: 11. <g1>16+</g1> <t1>13.50</t1> "Чисто английские убийства". Сезон: 11. Серия: 12. <g1>16+</g1> <t1>14.45</t1> "Достать ножи". <g1>16+</g1> <t1>17.10</t1> "Шпион по соседству". <g1>16+</g1> <t1>19.00</t1> "Отпетые напарники". <g1>16+</g1> <t1>21.05</t1> "Шутки в сторону 2: Миссия в Майами". <g1>16+</g1> <t1>23.10</t1> "Артур, ты король". <g1>12+</g1> <t1>01.10</t1> "Чудо-детки: Непутевые волшебники". <g1>12+</g1> <t1>02.40</t1> "Русалка и дочь короля". <g1>12+</g1> <t1>04.15</t1> <m1>"Зверокрекеры"</m1>. Художественный фильм. <g1>6+</g1>

<h1>TV-1000 Русское Кино</h1>
<t1>05.30</t1> "Простоквашино". <g1>6+</g1> <t1>06.30</t1> "Царевны". <g1>6+</g1> <t1>07.30</t1> "Смешарики". <g1>6+</g1> <t1>08.40</t1> "Три кота". <g1>6+</g1> <t1>09.45</t1> "Волки и Овцы: Ход свиньей". <g1>6+</g1> <t1>11.00</t1> "Мастер и Маргарита". <g1>16+</g1> <t1>11.55</t1> "Мастер и Маргарита". <g1>16+</g1> <t1>12.50</t1> "Мастер и Маргарита". <g1>16+</g1> <t1>13.50</t1> "Мастер и Маргарита". <g1>16+</g1> <t1>14.45</t1> "Мастер и Маргарита". <g1>16+</g1> <t1>15.45</t1> "Мастер и Маргарита". <g1>16+</g1> <t1>18.35</t1> "Красный шелк". <g1>18+</g1> <t1>21.15</t1> "Батальонъ". <g1>16+</g1> <t1>23.35</t1> "Холодное танго". <g1>18+</g1> <t1>01.25</t1> "Приходи на меня посмотреть". <g1>16+</g1> <t1>03.10</t1> "Подарок с характером". <g1>6+</g1> <t1>04.35</t1> "Двенадцать месяцев". <g1>6+</g1>

<h1>ТВ-3</h1>
<t1>06.00</t1> "Мультфильмы". <g1>0+</g1> <t1>08.00</t1> "Новый день". <g1>16+</g1> <t1>08.30</t1> "Вкусно с Анфисой Чеховой". Любовное настроение. Александра Савельева. <g1>16+</g1> <t1>09.00</t1> Мультипликационный сериал. "Леди Баг и Супер-Кот". Сенсопузырь. <g1>6+</g1> <t1>09.30</t1> Мультипликационный сериал. "Леди Баг и Супер-Кот". Лединатор 2. <g1>6+</g1> <t1>10.00</t1> Мультипликационный сериал. "Леди Баг и Супер-Кот". Хак-Сан. <g1>6+</g1> <t1>10.30</t1> Мультипликационный сериал. "Леди Баг и Супер-Кот". Плакса. <g1>6+</g1> <t1>11.00</t1> "Слепая". Выгодная сделка. <g1>16+</g1> <t1>11.30</t1> "Слепая". Сдачи не надо. <g1>16+</g1> <t1>12.00</t1> "Слепая". Пополам. <g1>16+</g1> <t1>12.30</t1> "Слепая". Невеста деда. <g1>16+</g1> <t1>13.00</t1> "Слепая". Маринкина роза. <g1>16+</g1> <t1>13.45</t1> "Слепая". Дай мне время. <g1>16+</g1> <t1>14.15</t1> "Слепая". Пара к паре. <g1>16+</g1> <t1>14.45</t1> "Слепая". Мелкие дела. <g1>16+</g1> <t1>15.15</t1> "Слепая". На пределе. <g1>16+</g1> <t1>15.45</t1> "Слепая". А вдруг. <g1>16+</g1> <t1>16.30</t1> "Слепая". Кулаки. <g1>16+</g1> <t1>17.00</t1> <m1>"Слепая"</m1>. Телесериал. <g1>16+</g1> <t1>17.30</t1> <m1>"Слепая"</m1>. Телесериал. <g1>16+</g1> <t1>18.00</t1> <m1>"Слепая"</m1>. Телесериал. <g1>16+</g1> <t1>18.30</t1> <m1>"Слепая"</m1>. Телесериал. <g1>16+</g1> <t1>19.00</t1> <m1>"СУПЕРИВАНОВЫ"</m1>. Телесериал. <g1>16+</g1> <t1>20.00</t1> <m1>"СУПЕРИВАНОВЫ"</m1>. Телесериал. <g1>16+</g1> <t1>21.00</t1> <m1>"СУПЕРИВАНОВЫ"</m1>. Телесериал. <g1>16+</g1> <t1>22.00</t1> <m1>"СУПЕРИВАНОВЫ"</m1>. Телесериал. <g1>16+</g1> <t1>23.00</t1> <m1>"НЕРВНЫЙ СРЫВ"</m1>. Художественный фильм. <g1>18+</g1> <t1>01.15</t1> <m1>"БерегОВАЯ ОХРАНА"</m1>. Телесериал. <g1>16+</g1> <t1>02.00</t1> <m1>"БерегОВАЯ ОХРАНА"</m1>. Телесериал. <g1>16+</g1> <t1>02.45</t1> <m1>"БерегОВАЯ ОХРАНА"</m1>. Телесериал. <g1>16+</g1> <t1>03.30</t1> <m1>"БерегОВАЯ ОХРАНА"</m1>. Телесериал. <g1>16+</g1> <t1>04.15</t1> <m1>"БерегОВАЯ ОХРАНА"</m1>. Телесериал. <g1>16+</g1> <t1>05.00</t1> <m1>"БерегОВАЯ ОХРАНА"</m1>. Телесериал. <g1>16+</g1> <t1>05.45</t1> "Мультфильмы". <g1>0+</g1>

<h1>XXI век</h1>
<t1>07.00</t1> <m1>"Невероятные приключения Факира"</m1>. Художественный фильм. <g1>16+</g1> <t1>08.35</t1> <m1>"Побег из брака"</m1>. Художественный фильм. <g1>16+</g1> <t1>10.20</t1> <m1>"Филомена"</m1>. Художественный фильм. <g1>16+</g1> <t1>12.00</t1> <m1>"Махнемся телами"</m1>. Художественный фильм. <g1>16+</g1> <t1>13.35</t1> <m1>"Пальмы в снегу"</m1>. Художественный фильм. <g1>16+</g1> <t1>16.10</t1> <m1>"Одержимость"</m1>. Художественный фильм. <g1>16+</g1> <t1>18.05</t1> <m1>"Из Парижа с любовью"</m1>. Художественный фильм. <g1>16+</g1> <t1>19.40</t1> <m1>"Оружейный барон"</m1>. Художественный фильм. <g1>18+</g1> <t1>21.40</t1> <m1>"Жизнь Дэвида Гейла"</m1>. Художественный фильм. <g1>18+</g1> <t1>23.55</t1> <m1>"Паразиты"</m1>. Художественный фильм. <g1>18+</g1> <t1>02.05</t1> <m1>"Жизнь короля"</m1>. Художественный фильм. <g1>16+</g1> <t1>03.40</t1> <m1>"Похищенный"</m1>. Художественный фильм. <g1>18+</g1> <t1>05.20</t1> <m1>"Американская пастораль"</m1>. Художественный фильм. <g1>16+</g1>

<h1>Русский Иллюзион</h1>
<t1>06.35</t1> <m1>"Встреча"</m1>. Художественный фильм. <g1>16+</g1> <t1>08.05</t1> <m1>"Чужая жизнь"</m1>. Художественный фильм. <g1>16+</g1> <t1>09.35</t1> <m1>"Капитан Голливуд"</m1>. Художественный фильм. <g1>16+</g1> <t1>11.30</t1> <m1>"Призрак"</m1>. Художественный фильм. <g1>16+</g1> <t1>13.30</t1> <m1>"ФАНТАЗИЯ БЕЛЫХ НОЧЕЙ"</m1>. Художественный фильм. <g1>16+</g1> <t1>14.30</t1> <m1>"ФАНТАЗИЯ БЕЛЫХ НОЧЕЙ"</m1>. Художественный фильм. <g1>16+</g1> <t1>15.25</t1> <m1>"ФАНТАЗИЯ БЕЛЫХ НОЧЕЙ"</m1>. Художественный фильм. <g1>16+</g1> <t1>16.25</t1> <m1>"ФАНТАЗИЯ БЕЛЫХ НОЧЕЙ"</m1>. Художественный фильм. <g1>16+</g1> <t1>17.25</t1> <m1>"Выиграть или победить"</m1>. Художественный фильм. <g1>12+</g1> <t1>19.10</t1> <m1>"Один день лета"</m1>. Художественный фильм. <g1>16+</g1> <t1>21.00</t1> <m1>"Тренер"</m1>. Художественный фильм. <g1>16+</g1> <t1>23.30</t1> <m1>"В спорте только девушки"</m1>. Художественный фильм. <g1>12+</g1> <t1>00.55</t1> <m1>"Ровесники"</m1>. Художественный фильм. <g1>16+</g1> <t1>02.30</t1> <m1>"Авантюристы"</m1>. Художественный фильм. <g1>12+</g1> <t1>03.55</t1> <m1>"Капитан Голливуд"</m1>. Художественный фильм. <g1>16+</g1> <t1>05.35</t1> <m1>"Призрак"</m1>. Художественный фильм. <g1>16+</g1>
</вс></Кино></Кабельные></Каналы>