<?xml version="1.0" encoding="utf-8" standalone="yes" ?>
<Каналы><Кабельные><Спорт><пн><h1>Матч ТВ</h1>
<t1>06.00</t1> "Лучшие из лучших". <g1>12+</g1> <t1>06.30</t1> "Все о главном". <g1>12+</g1> <t1>07.00</t1> Новости. <t1>07.05</t1> Все на Матч! Прямой эфир. <t1>09.00</t1> Новости. <t1>09.05</t1> "Лица страны. Ульяна Баташова". <g1>12+</g1> <t1>09.25</t1> "Культовые". <g1>12+</g1> <t1>10.30</t1> Футбол. МИР Российская Премьер-Лига. Обзор тура. <g1>6+</g1> <t1>11.35</t1> Все на Матч! Прямой эфир. <t1>12.35</t1> Специальный репортаж. <g1>12+</g1> <t1>12.55</t1> Новости. <t1>13.00</t1> Есть тема! Прямой эфир. <t1>14.25</t1> "Взойди на свой Олимп". <g1>12+</g1> <t1>15.05</t1> "Лучшие из лучших". <g1>12+</g1> <t1>15.35</t1> Новости. <t1>15.40</t1> Смешанные единоборства. UFC. Амир Альбази против Татсуро Таиры. Трансляция из США. <g1>16+</g1> <t1>17.25</t1> Футбол. МИР Российская Премьер-Лига. Обзор тура. <g1>6+</g1> <t1>18.30</t1> Громко. Прямой эфир. <t1>19.55</t1> Футбол. Лига Пари. "Ротор" (Волгоград) - "Енисей" (Красноярск). Прямая трансляция. <t1>22.00</t1> Все на Матч! Прямой эфир. <t1>23.20</t1> Профессиональный бокс. Оскар Де Ла Хойя против Бернарда Хопкинса. Бой за титул абсолютного чемпиона мира. Трансляция из США. <g1>16+</g1> <t1>00.25</t1> "Культовые". <g1>12+</g1> <t1>01.25</t1> "Вы это видели". <g1>12+</g1> <t1>02.25</t1> Автоспорт. Дрифт. RDS GP. Трансляция из Московской области. <g1>6+</g1> <t1>03.25</t1> "Взойди на свой Олимп". <g1>12+</g1> <t1>03.55</t1> Новости. <g1>0+</g1> <t1>04.00</t1> Пляжный волейбол. Чемпионат Европы. 1/2 финала. Трансляция из Германии. <g1>6+</g1>

<h1>ЗдоровоеТВ</h1>
<t1>06.00</t1> Метод доктора Длина. <g1>16+</g1> <t1>06.15</t1> Вопрос из спальни. <g1>16+</g1> <t1>07.05</t1> 45+ Возраст счастья с Яной Павлидис. <g1>16+</g1> <t1>08.15</t1> Бабушки против педиатров. <g1>16+</g1> <t1>09.00</t1> Здоровье со смыслом. <g1>16+</g1> <t1>09.10</t1> Доктор Длин. <g1>16+</g1> <t1>09.25</t1> Доктор Длин. <g1>16+</g1> <t1>09.30</t1> Спросите тренера. <g1>12+</g1> <t1>09.55</t1> Спортивный вопрос. <g1>12+</g1> <t1>10.10</t1> Прокачать за 600 секунд. <g1>16+</g1> <t1>10.25</t1> Доктор Длин. <g1>16+</g1> <t1>10.35</t1> Доктор Длин. <g1>16+</g1> <t1>10.45</t1> Бабушки против педиатров. <g1>16+</g1> <t1>11.35</t1> Вопрос из спальни. <g1>16+</g1> <t1>12.25</t1> Игра Гормонов. <g1>16+</g1> <t1>13.05</t1> Доктор Длин. <g1>16+</g1> <t1>13.10</t1> Здоровье со смыслом. <g1>16+</g1> <t1>13.35</t1> Здоровье со смыслом. <g1>16+</g1> <t1>13.55</t1> Краткий курс счастливой мамы. <g1>12+</g1> <t1>14.20</t1> ЗОЖигательные рецепты от шефа. <g1>12+</g1> <t1>14.50</t1> Вопрос из спальни. <g1>16+</g1> <t1>15.40</t1> Вопрос из спальни. <g1>16+</g1> <t1>16.30</t1> Доктор Длин. <g1>16+</g1> <t1>16.35</t1> Доктор Длин. <g1>16+</g1> <t1>16.40</t1> Доктор Длин. <g1>16+</g1> <t1>16.45</t1> 45+ Возраст счастья с Яной Павлидис. <g1>16+</g1> <t1>18.00</t1> Здоровье со смыслом. <g1>16+</g1> <t1>18.20</t1> Здоровье со смыслом. <g1>16+</g1> <t1>18.35</t1> Здоровье со смыслом. <g1>16+</g1> <t1>19.35</t1> Игра симптомов. <g1>16+</g1> <t1>20.00</t1> Игра симптомов. <g1>16+</g1> <t1>20.30</t1> Игра Гормонов. <g1>16+</g1> <t1>21.15</t1> Игра Гормонов. <g1>16+</g1> <t1>22.10</t1> Доктор Длин. <g1>16+</g1> <t1>22.30</t1> Доктор Длин. <g1>16+</g1> <t1>22.40</t1> Доктор Длин. <g1>16+</g1> <t1>22.50</t1> Игра Гормонов. <g1>16+</g1> <t1>23.40</t1> Волшебный пендель с Никой Набоковой. <g1>16+</g1> <t1>00.00</t1> Волшебный пендель с Никой Набоковой. <g1>16+</g1> <t1>00.20</t1> Метод доктора Длина. <g1>16+</g1> <t1>00.35</t1> Метод доктора Длина. <g1>16+</g1> <t1>00.50</t1> Доктор Длин. <g1>16+</g1> <t1>00.55</t1> Вопрос из спальни. <g1>16+</g1> <t1>01.45</t1> Игра Гормонов. <g1>16+</g1> <t1>02.30</t1> Метод доктора Длина. <g1>16+</g1> <t1>02.45</t1> Метод доктора Длина. <g1>16+</g1> <t1>03.00</t1> Здоровье со смыслом. <g1>16+</g1> <t1>04.30</t1> Вопрос из спальни. <g1>16+</g1> <t1>05.15</t1> Бабушки против педиатров. <g1>16+</g1>

<h1>Drive</h1>
<t1>06.05</t1> В сердце Африки. <g1>16+</g1> <t1>06.35</t1> Автолайф. <g1>16+</g1> <t1>06.50</t1> Полезные советы. <g1>12+</g1> <t1>07.05</t1> Полезные советы. <g1>12+</g1> <t1>07.20</t1> Автомобили мира. <g1>16+</g1> <t1>08.05</t1> Испытание на прочность р. <g1>16+</g1> <t1>08.30</t1> Выбираем на "вторичке" - Land Rover Evoque. <g1>12+</g1> <t1>08.45</t1> Мототренды - GROZA TRAVELLER 800. <g1>12+</g1> <t1>09.05</t1> Автополигон. <g1>16+</g1> <t1>09.45</t1> Тур де на "Драйве". <g1>16+</g1> <t1>10.30</t1> Автолайф. <g1>16+</g1> <t1>10.45</t1> Мототренды - CFmoto 300CL-X. <g1>12+</g1> <t1>11.00</t1> Мототренды. <g1>16+</g1> <t1>11.20</t1> Автополигон. <g1>16+</g1> <t1>12.00</t1> Испытание на прочность р. <g1>16+</g1> <t1>12.30</t1> Автомобили мира. <g1>16+</g1> <t1>13.10</t1> Потестим на "Драйве". <g1>16+</g1> <t1>13.40</t1> Выбираем на "вторичке" - Nissan Qashqai II. <g1>12+</g1> <t1>13.55</t1> Автовинтаж. <g1>16+</g1> <t1>15.00</t1> YUKA Drive Джимхана 2 этап 2024. <g1>12+</g1> <t1>15.45</t1> В сердце Африки. <g1>16+</g1> <t1>16.20</t1> Тур де на "Драйве". <g1>16+</g1> <t1>17.00</t1> Тур де на "Драйве". <g1>16+</g1> <t1>17.45</t1> Автолайф. <g1>16+</g1> <t1>18.05</t1> Мототренды - CFmoto 300CL-X. <g1>12+</g1> <t1>18.20</t1> Мототренды. <g1>16+</g1> <t1>18.40</t1> Автополигон. <g1>16+</g1> <t1>19.25</t1> Испытание на прочность р. <g1>16+</g1> <t1>19.50</t1> Автомобили мира. <g1>16+</g1> <t1>20.35</t1> Потестим на "Драйве". <g1>16+</g1> <t1>21.10</t1> Выбираем на "вторичке" - Nissan Qashqai II. <g1>12+</g1> <t1>21.25</t1> Автовинтаж. <g1>16+</g1> <t1>22.30</t1> YUKA Drive Джимхана 2 этап 2024. <g1>12+</g1> <t1>23.15</t1> В сердце Африки. <g1>16+</g1> <t1>23.45</t1> Экспедиция через полюс холода на Новосибирские острова. <g1>16+</g1> <t1>00.25</t1> Тур де на "Драйве". <g1>16+</g1> <t1>01.05</t1> Автолайф. <g1>16+</g1> <t1>01.20</t1> Мототренды - CFmoto 300CL-X. <g1>12+</g1> <t1>01.35</t1> Мототренды. <g1>16+</g1> <t1>01.50</t1> Автополигон. <g1>16+</g1> <t1>02.30</t1> Испытание на прочность р. <g1>16+</g1> <t1>03.05</t1> Потестим на "Драйве". <g1>16+</g1> <t1>03.30</t1> Автомобили мира. <g1>16+</g1> <t1>04.10</t1> Автовинтаж. <g1>16+</g1> <t1>05.10</t1> Автолайф. <g1>16+</g1> <t1>05.20</t1> YUKA Drive Джимхана 2 этап 2024. <g1>12+</g1>
</пн>
<вт><h1>Матч ТВ</h1>
<t1>06.00</t1> "Лучшие из лучших". <g1>12+</g1> <t1>06.30</t1> "Наши иностранцы". <g1>12+</g1> <t1>07.00</t1> Новости. <t1>07.05</t1> Все на Матч! Прямой эфир. <t1>09.00</t1> Новости. <t1>09.05</t1> Специальный репортаж. <g1>12+</g1> <t1>09.25</t1> "Культовые". <g1>12+</g1> <t1>10.30</t1> Профессиональный бокс. Оскар Де Ла Хойя против Бернарда Хопкинса. Бой за титул абсолютного чемпиона мира. Трансляция из США. <g1>16+</g1> <t1>11.35</t1> Все на Матч! Прямой эфир. <t1>12.35</t1> Специальный репортаж. <g1>12+</g1> <t1>12.55</t1> Новости. <t1>13.00</t1> Есть тема! Прямой эфир. <t1>14.25</t1> "Взойди на свой Олимп". <g1>12+</g1> <t1>15.05</t1> "Лучшие из лучших". <g1>12+</g1> <t1>15.35</t1> Новости. <t1>15.40</t1> Все на Матч! Прямой эфир. <t1>16.30</t1> Смешанные единоборства. UFC. Алекс Перейра против Иржи Прохазки. Трансляция из США. <g1>16+</g1> <t1>17.55</t1> Футбол. Fonbet Кубок России. "Амкал" (Москва) - "Квант" (Обнинск). Прямая трансляция. <t1>20.00</t1> Все на Матч! Прямой эфир. <t1>20.10</t1> Футбол. Fonbet Кубок России. "Шумбрат" (Саранск) - "Кристалл-МЭЗТ" (Борисоглебск). Прямая трансляция. <t1>22.15</t1> Все на Матч! Прямой эфир. <t1>23.20</t1> Профессиональный бокс. RCC Boxing. Магомед Курбанов против Павла Сосулина. Трансляция из Екатеринбурга. <g1>16+</g1> <t1>00.25</t1> "Культовые". <g1>12+</g1> <t1>01.25</t1> "Вы это видели". <g1>12+</g1> <t1>02.25</t1> Автоспорт. Дрифт. RDS OPEN. Трансляция из Ленинградской области. <g1>6+</g1> <t1>03.25</t1> "Взойди на свой Олимп". <g1>12+</g1> <t1>03.55</t1> Новости. <g1>0+</g1> <t1>04.00</t1> Пляжный волейбол. Чемпионат Европы. Матч за 3-е место. Трансляция из Германии. <g1>6+</g1>

<h1>ЗдоровоеТВ</h1>
<t1>06.00</t1> Спросите тренера. <g1>12+</g1> <t1>06.25</t1> Спортивный вопрос. <g1>12+</g1> <t1>06.40</t1> Бабушки против педиатров. <g1>16+</g1> <t1>07.30</t1> Вопрос из спальни. <g1>16+</g1> <t1>08.20</t1> Игра Гормонов. <g1>16+</g1> <t1>09.00</t1> Доктор Длин. <g1>16+</g1> <t1>09.05</t1> Здоровье со смыслом. <g1>16+</g1> <t1>09.30</t1> Здоровье со смыслом. <g1>16+</g1> <t1>09.45</t1> Краткий курс счастливой мамы. <g1>12+</g1> <t1>10.15</t1> ЗОЖигательные рецепты от шефа. <g1>12+</g1> <t1>10.40</t1> Вопрос из спальни. <g1>16+</g1> <t1>11.35</t1> Вопрос из спальни. <g1>16+</g1> <t1>12.25</t1> Доктор Длин. <g1>16+</g1> <t1>12.30</t1> Доктор Длин. <g1>16+</g1> <t1>12.35</t1> Доктор Длин. <g1>16+</g1> <t1>12.45</t1> 45+ Возраст счастья с Яной Павлидис. <g1>16+</g1> <t1>13.55</t1> Здоровье со смыслом. <g1>16+</g1> <t1>14.10</t1> Здоровье со смыслом. <g1>16+</g1> <t1>14.30</t1> Здоровье со смыслом. <g1>16+</g1> <t1>15.25</t1> Игра симптомов. <g1>16+</g1> <t1>15.55</t1> Игра симптомов. <g1>16+</g1> <t1>16.20</t1> Игра Гормонов. <g1>16+</g1> <t1>17.05</t1> Игра Гормонов. <g1>16+</g1> <t1>18.00</t1> Бабушки против педиатров. <g1>16+</g1> <t1>18.45</t1> Бабушки против педиатров. <g1>16+</g1> <t1>19.35</t1> Игра Гормонов. <g1>16+</g1> <t1>20.20</t1> Игра Гормонов. <g1>16+</g1> <t1>21.05</t1> Доктор Длин. <g1>16+</g1> <t1>21.15</t1> Здоровье со смыслом. <g1>16+</g1> <t1>22.05</t1> Доктор Длин. <g1>16+</g1> <t1>22.40</t1> Метод доктора Длина. <g1>16+</g1> <t1>22.55</t1> Метод доктора Длина. <g1>16+</g1> <t1>23.10</t1> Здоровье со смыслом. <g1>16+</g1> <t1>00.35</t1> Вопрос из спальни. <g1>16+</g1> <t1>01.20</t1> Бабушки против педиатров. <g1>16+</g1> <t1>02.05</t1> Метод доктора Длина. <g1>16+</g1> <t1>02.20</t1> Метод доктора Длина. <g1>16+</g1> <t1>02.35</t1> Вопрос из спальни. <g1>16+</g1> <t1>03.25</t1> 45+ Возраст счастья с Яной Павлидис. <g1>16+</g1> <t1>04.35</t1> Бабушки против педиатров. <g1>16+</g1> <t1>05.20</t1> Здоровье со смыслом. <g1>16+</g1> <t1>05.35</t1> Доктор Длин. <g1>16+</g1> <t1>05.40</t1> Доктор Длин. <g1>16+</g1> <t1>05.45</t1> Доктор Длин. <g1>16+</g1> <t1>05.55</t1> Доктор Длин. <g1>16+</g1>

<h1>Drive</h1>
<t1>06.05</t1> Автомобили мира. <g1>16+</g1> <t1>06.45</t1> Автовинтаж. <g1>16+</g1> <t1>07.45</t1> Тур де на "Драйве". <g1>16+</g1> <t1>08.30</t1> В сердце Африки. <g1>16+</g1> <t1>09.05</t1> Экспедиция через полюс холода на Новосибирские острова. <g1>16+</g1> <t1>09.50</t1> Тур де на "Драйве". <g1>16+</g1> <t1>10.20</t1> Автолайф. <g1>16+</g1> <t1>10.35</t1> Мототренды - CFmoto 450 CL-C. <g1>12+</g1> <t1>10.55</t1> Автополигон. <g1>16+</g1> <t1>11.35</t1> Мототренды - CFmoto 1250TR-G. <g1>12+</g1> <t1>12.00</t1> Испытание на прочность р. <g1>16+</g1> <t1>12.30</t1> Автомобили мира. <g1>16+</g1> <t1>13.00</t1> Потестим на "Драйве". <g1>16+</g1> <t1>13.30</t1> Выбираем на "вторичке" - Skoda Rapid. <g1>12+</g1> <t1>13.45</t1> Автовинтаж. <g1>16+</g1> <t1>15.00</t1> YUKA Drive Джимхана 3 этап 2024. <g1>12+</g1> <t1>15.45</t1> В сердце Африки. <g1>16+</g1> <t1>16.15</t1> Экспедиция через полюс холода на Новосибирские острова. <g1>16+</g1> <t1>17.00</t1> Тур де на "Драйве". <g1>16+</g1> <t1>17.30</t1> Автолайф. <g1>16+</g1> <t1>17.45</t1> Автолайф (2018) Россия. <g1>12+</g1> <t1>18.10</t1> Мототренды - CFmoto 450 CL-C. <g1>12+</g1> <t1>18.25</t1> Мототренды - CFmoto 1250TR-G. <g1>12+</g1> <t1>18.40</t1> Автополигон. <g1>16+</g1> <t1>19.25</t1> Испытание на прочность р. <g1>16+</g1> <t1>19.55</t1> Автомобили мира. <g1>16+</g1> <t1>20.25</t1> Потестим на "Драйве". <g1>16+</g1> <t1>20.55</t1> Выбираем на "вторичке" - Skoda Rapid. <g1>12+</g1> <t1>21.15</t1> Автовинтаж. <g1>16+</g1> <t1>22.20</t1> YUKA Drive Джимхана 3 этап 2024. <g1>12+</g1> <t1>23.05</t1> В сердце Африки. <g1>16+</g1> <t1>23.35</t1> Экспедиция через полюс холода на Новосибирские острова. <g1>16+</g1> <t1>00.15</t1> Тур де на "Драйве". <g1>16+</g1> <t1>00.45</t1> Автолайф. <g1>16+</g1> <t1>01.00</t1> Автолайф (2018) Россия. <g1>12+</g1> <t1>01.10</t1> Мототренды - CFmoto 450 CL-C. <g1>12+</g1> <t1>01.25</t1> Мототренды - CFmoto 1250TR-G. <g1>12+</g1> <t1>01.40</t1> Тур де на "Драйве". <g1>16+</g1> <t1>02.20</t1> Испытание на прочность р. <g1>16+</g1> <t1>02.45</t1> Выбираем на "вторичке" - Skoda Rapid. <g1>12+</g1> <t1>03.05</t1> Автомобили мира. <g1>16+</g1> <t1>03.35</t1> Потестим на "Драйве". <g1>16+</g1> <t1>04.00</t1> Полезные советы. <g1>12+</g1> <t1>04.10</t1> Автовинтаж. <g1>16+</g1> <t1>05.10</t1> YUKA Drive Джимхана 3 этап 2024. <g1>12+</g1> <t1>05.50</t1> Полезные советы. <g1>12+</g1>
</вт>
<ср><h1>Матч ТВ</h1>
<t1>06.00</t1> "Лучшие из лучших". <g1>12+</g1> <t1>06.30</t1> "Голевая неделя. РФ". <g1>6+</g1> <t1>07.00</t1> Новости. <t1>07.05</t1> Все на Матч! Прямой эфир. <t1>09.00</t1> Новости. <t1>09.05</t1> Специальный репортаж. <g1>12+</g1> <t1>09.25</t1> "Культовые". <g1>12+</g1> <t1>10.30</t1> Профессиональный бокс. RCC Boxing. Магомед Курбанов против Павла Сосулина. Трансляция из Екатеринбурга. <g1>16+</g1> <t1>11.35</t1> Все на Матч! Прямой эфир. <t1>12.35</t1> Специальный репортаж. <g1>12+</g1> <t1>12.55</t1> Новости. <t1>13.00</t1> Есть тема! Прямой эфир. <t1>14.25</t1> "Взойди на свой Олимп". <g1>12+</g1> <t1>15.05</t1> "Лучшие из лучших". <g1>12+</g1> <t1>15.35</t1> Новости. <t1>15.40</t1> Все на Матч! Прямой эфир. <t1>16.30</t1> Смешанные единоборства. UFC. Жозе Альдо против Марио Баутисты. Трансляция из США. <g1>16+</g1> <t1>17.55</t1> Футбол. Fonbet Кубок России. "Broke Boys" (Одинцово) - "Орел". Прямая трансляция. <t1>20.00</t1> Все на Матч! Прямой эфир. <t1>20.10</t1> Футбол. Fonbet Кубок России. "2Drots" (Москва) - "Торпедо-Владимир". Прямая трансляция. <t1>22.15</t1> Все на Матч! Прямой эфир. <t1>23.20</t1> Смешанные единоборства. UFC. Энтони Эрнандес против Брендана Аллена. Трансляция из США. <g1>16+</g1> <t1>00.25</t1> "Культовые". <g1>12+</g1> <t1>01.25</t1> "Вы это видели". <g1>12+</g1> <t1>02.25</t1> Футбол. МИР Российская Премьер-Лига. Обзор тура. <g1>6+</g1> <t1>03.25</t1> "Взойди на свой Олимп". <g1>12+</g1> <t1>03.55</t1> Новости. <g1>0+</g1> <t1>04.00</t1> Пляжный волейбол. Чемпионат Европы. Финал. Трансляция из Германии. <g1>6+</g1>

<h1>ЗдоровоеТВ</h1>
<t1>06.00</t1> Краткий курс счастливой мамы. <g1>12+</g1> <t1>06.25</t1> ЗОЖигательные рецепты от шефа. <g1>12+</g1> <t1>06.50</t1> Вопрос из спальни. <g1>16+</g1> <t1>07.40</t1> Вопрос из спальни. <g1>16+</g1> <t1>08.30</t1> Доктор Длин. <g1>16+</g1> <t1>08.35</t1> Доктор Длин. <g1>16+</g1> <t1>08.45</t1> 45+ Возраст счастья с Яной Павлидис. <g1>16+</g1> <t1>09.55</t1> Здоровье со смыслом. <g1>16+</g1> <t1>10.15</t1> Здоровье со смыслом. <g1>16+</g1> <t1>10.30</t1> Здоровье со смыслом. <g1>16+</g1> <t1>11.30</t1> Игра симптомов. <g1>16+</g1> <t1>11.55</t1> Игра симптомов. <g1>16+</g1> <t1>12.25</t1> Игра Гормонов. <g1>16+</g1> <t1>13.10</t1> Игра Гормонов. <g1>16+</g1> <t1>14.05</t1> Бабушки против педиатров. <g1>16+</g1> <t1>14.50</t1> Бабушки против педиатров. <g1>16+</g1> <t1>15.40</t1> Игра Гормонов. <g1>16+</g1> <t1>16.20</t1> Игра Гормонов. <g1>16+</g1> <t1>17.05</t1> Здоровье со смыслом. <g1>16+</g1> <t1>18.00</t1> 45+ Возраст счастья с Яной Павлидис. <g1>16+</g1> <t1>18.55</t1> 45+ Возраст счастья с Яной Павлидис. <g1>16+</g1> <t1>20.15</t1> Доктор Длин. <g1>16+</g1> <t1>20.20</t1> Бабушки против педиатров. <g1>16+</g1> <t1>21.10</t1> Бабушки против педиатров. <g1>16+</g1> <t1>22.00</t1> Доктор Длин. <g1>16+</g1> <t1>22.05</t1> Доктор Длин. <g1>16+</g1> <t1>22.10</t1> Доктор Длин. <g1>16+</g1> <t1>22.20</t1> Вопрос из спальни. <g1>16+</g1> <t1>23.10</t1> 45+ Возраст счастья с Яной Павлидис. <g1>16+</g1> <t1>00.20</t1> Бабушки против педиатров. <g1>16+</g1> <t1>01.00</t1> Здоровье со смыслом. <g1>16+</g1> <t1>01.15</t1> Доктор Длин. <g1>16+</g1> <t1>01.30</t1> Доктор Длин. <g1>16+</g1> <t1>01.35</t1> Доктор Длин. <g1>16+</g1> <t1>01.40</t1> Доктор Длин. <g1>16+</g1> <t1>01.45</t1> Спросите тренера. <g1>12+</g1> <t1>02.15</t1> Спортивный вопрос. <g1>12+</g1> <t1>02.30</t1> Прокачать за 600 секунд. <g1>16+</g1> <t1>02.40</t1> Доктор Длин. <g1>16+</g1> <t1>02.50</t1> Доктор Длин. <g1>16+</g1> <t1>02.55</t1> Бабушки против педиатров. <g1>16+</g1> <t1>03.45</t1> Вопрос из спальни. <g1>16+</g1> <t1>04.35</t1> Игра Гормонов. <g1>16+</g1> <t1>05.15</t1> Доктор Длин. <g1>16+</g1> <t1>05.20</t1> Здоровье со смыслом. <g1>16+</g1> <t1>05.40</t1> Здоровье со смыслом. <g1>16+</g1>

<h1>Drive</h1>
<t1>06.10</t1> Испытание на прочность р. <g1>16+</g1> <t1>06.35</t1> Выбираем на "вторичке" - Skoda Rapid. <g1>12+</g1> <t1>06.50</t1> Автовинтаж. <g1>16+</g1> <t1>07.50</t1> Автополигон. <g1>16+</g1> <t1>08.30</t1> В сердце Африки. <g1>16+</g1> <t1>09.05</t1> Мототренды - CFmoto 700 CL-X. <g1>12+</g1> <t1>09.25</t1> Экспедиция через полюс холода на Новосибирские острова. <g1>16+</g1> <t1>10.05</t1> Тур де на "Драйве". <g1>16+</g1> <t1>10.35</t1> Автолайф. <g1>16+</g1> <t1>11.00</t1> Мототренды - LIFAN KPV 150. <g1>12+</g1> <t1>11.15</t1> Автополигон. <g1>16+</g1> <t1>12.05</t1> Испытание на прочность р. <g1>16+</g1> <t1>12.35</t1> Автомобили мира. <g1>16+</g1> <t1>13.10</t1> Потестим на "Драйве". <g1>16+</g1> <t1>13.35</t1> Автовинтаж. <g1>16+</g1> <t1>14.20</t1> YUKA Drive Джимхана 4 этап 2024. <g1>12+</g1> <t1>15.05</t1> Выбираем на "вторичке" - Kia Sportage III. <g1>12+</g1> <t1>15.20</t1> В сердце Африки. <g1>16+</g1> <t1>15.55</t1> Экспедиция через полюс холода на Новосибирские острова. <g1>16+</g1> <t1>16.55</t1> Тур де на "Драйве". <g1>16+</g1> <t1>17.30</t1> Автолайф. <g1>16+</g1> <t1>17.45</t1> Автолайф. <g1>16+</g1> <t1>18.05</t1> Мототренды - CFmoto 700 CL-X. <g1>12+</g1> <t1>18.20</t1> Мототренды - LIFAN KPV 150. <g1>12+</g1> <t1>18.40</t1> Автополигон. <g1>16+</g1> <t1>19.25</t1> Испытание на прочность р. <g1>16+</g1> <t1>19.50</t1> Автомобили мира. <g1>16+</g1> <t1>20.25</t1> Потестим на "Драйве". <g1>16+</g1> <t1>20.55</t1> Выбираем на "вторичке" - Kia Sportage III. <g1>12+</g1> <t1>21.15</t1> Автовинтаж. <g1>16+</g1> <t1>21.55</t1> YUKA Drive Джимхана 4 этап 2024. <g1>12+</g1> <t1>22.40</t1> В сердце Африки. <g1>16+</g1> <t1>23.10</t1> Экспедиция через полюс холода на Новосибирские острова. <g1>16+</g1> <t1>00.15</t1> Тур де на "Драйве". <g1>16+</g1> <t1>00.45</t1> Автолайф. <g1>16+</g1> <t1>01.00</t1> Мототренды - CFmoto 700 CL-X. <g1>12+</g1> <t1>01.15</t1> Автополигон. <g1>16+</g1> <t1>01.55</t1> Испытание на прочность р. <g1>16+</g1> <t1>02.20</t1> Автомобили мира. <g1>16+</g1> <t1>02.50</t1> Говорит и показывает Мельников. <g1>12+</g1> <t1>03.05</t1> Мототренды - LIFAN KPV 150. <g1>12+</g1> <t1>03.20</t1> Потестим на "Драйве". <g1>16+</g1> <t1>03.45</t1> Выбираем на "вторичке" - Kia Sportage III. <g1>12+</g1> <t1>04.00</t1> Автовинтаж. <g1>16+</g1> <t1>04.40</t1> YUKA Drive Джимхана 4 этап 2024. <g1>12+</g1> <t1>05.20</t1> В сердце Африки. <g1>16+</g1> <t1>05.50</t1> Полезные советы. <g1>12+</g1>
</ср>
<чт><h1>Матч ТВ</h1>
<t1>06.00</t1> "Лучшие из лучших". <g1>12+</g1> <t1>06.30</t1> "Третий тайм". <g1>12+</g1> <t1>07.00</t1> Новости. <t1>07.05</t1> Все на Матч! Прямой эфир. <t1>09.00</t1> Новости. <t1>09.05</t1> Специальный репортаж. <g1>12+</g1> <t1>09.25</t1> "Культовые". <g1>12+</g1> <t1>10.30</t1> Смешанные единоборства. UFC. Энтони Эрнандес против Брендана Аллена. Трансляция из США. <g1>16+</g1> <t1>11.35</t1> Все на Матч! Прямой эфир. <t1>12.35</t1> Специальный репортаж. <g1>12+</g1> <t1>12.55</t1> Новости. <t1>13.00</t1> Есть тема! Прямой эфир. <t1>14.25</t1> "Взойди на свой Олимп". <g1>12+</g1> <t1>15.05</t1> "Лучшие из лучших". <g1>12+</g1> <t1>15.35</t1> Новости. <t1>15.40</t1> Все на Матч! Прямой эфир. <t1>16.30</t1> Легкая атлетика. ПСБ Чемпионат России. Прямая трансляция из Казани. <t1>20.45</t1> "Царица Тамара. Быкова". Документальный фильм. <g1>12+</g1> <t1>22.05</t1> Все на Матч! Прямой эфир. <t1>23.20</t1> Смешанные единоборства. UFC. Марвин Веттори против Романа Долидзе. Трансляция из США. <g1>16+</g1> <t1>00.25</t1> "Культовые". <g1>12+</g1> <t1>01.25</t1> "Вы это видели". <g1>12+</g1> <t1>02.25</t1> Пляжное самбо. Чемпионат мира. Трансляция из Сингапура. <g1>12+</g1> <t1>03.25</t1> "Взойди на свой Олимп". <g1>12+</g1> <t1>03.55</t1> Новости. <g1>0+</g1> <t1>04.00</t1> Легкая атлетика. ПСБ Чемпионат России. Трансляция из Казани. <g1>6+</g1>

<h1>ЗдоровоеТВ</h1>
<t1>06.00</t1> Здоровье со смыслом. <g1>16+</g1> <t1>06.20</t1> Здоровье со смыслом. <g1>16+</g1> <t1>06.35</t1> Здоровье со смыслом. <g1>16+</g1> <t1>07.30</t1> Игра симптомов. <g1>16+</g1> <t1>07.55</t1> Игра симптомов. <g1>16+</g1> <t1>08.25</t1> Игра Гормонов. <g1>16+</g1> <t1>09.10</t1> Игра Гормонов. <g1>16+</g1> <t1>10.05</t1> Бабушки против педиатров. <g1>16+</g1> <t1>10.50</t1> Бабушки против педиатров. <g1>16+</g1> <t1>11.40</t1> Игра Гормонов. <g1>16+</g1> <t1>12.20</t1> Игра Гормонов. <g1>16+</g1> <t1>13.10</t1> Здоровье со смыслом. <g1>16+</g1> <t1>14.00</t1> 45+ Возраст счастья с Яной Павлидис. <g1>16+</g1> <t1>15.00</t1> 45+ Возраст счастья с Яной Павлидис. <g1>16+</g1> <t1>16.10</t1> Доктор Длин. <g1>16+</g1> <t1>16.15</t1> Бабушки против педиатров. <g1>16+</g1> <t1>17.05</t1> Бабушки против педиатров. <g1>16+</g1> <t1>17.55</t1> Доктор Длин. <g1>16+</g1> <t1>18.00</t1> Рецепты врачей. <g1>12+</g1> <t1>18.25</t1> Рецепты врачей. <g1>12+</g1> <t1>18.55</t1> Метод доктора Длина. <g1>16+</g1> <t1>19.10</t1> Метод доктора Длина. <g1>16+</g1> <t1>19.30</t1> Здоровье со смыслом. <g1>16+</g1> <t1>20.25</t1> Доктор Длин. <g1>16+</g1> <t1>20.30</t1> Вопрос из спальни. <g1>16+</g1> <t1>21.20</t1> Вопрос из спальни. <g1>16+</g1> <t1>22.15</t1> Спортивный вопрос. <g1>12+</g1> <t1>22.30</t1> Прокачать за 600 секунд. <g1>16+</g1> <t1>22.40</t1> Доктор Длин. <g1>16+</g1> <t1>22.55</t1> Доктор Длин. <g1>16+</g1> <t1>23.00</t1> Бабушки против педиатров. <g1>16+</g1> <t1>23.50</t1> Вопрос из спальни. <g1>16+</g1> <t1>00.40</t1> Игра Гормонов. <g1>16+</g1> <t1>01.20</t1> Доктор Длин. <g1>16+</g1> <t1>01.25</t1> Здоровье со смыслом. <g1>16+</g1> <t1>01.45</t1> Здоровье со смыслом. <g1>16+</g1> <t1>02.05</t1> Краткий курс счастливой мамы. <g1>12+</g1> <t1>02.30</t1> ЗОЖигательные рецепты от шефа. <g1>12+</g1> <t1>02.55</t1> Вопрос из спальни. <g1>16+</g1> <t1>03.45</t1> Вопрос из спальни. <g1>16+</g1> <t1>04.40</t1> Доктор Длин. <g1>16+</g1> <t1>04.45</t1> Доктор Длин. <g1>16+</g1> <t1>04.50</t1> 45+ Возраст счастья с Яной Павлидис. <g1>16+</g1>

<h1>Drive</h1>
<t1>06.05</t1> Испытание на прочность р. <g1>16+</g1> <t1>06.30</t1> Потестим на "Драйве". <g1>16+</g1> <t1>06.55</t1> Автолайф (2018) Россия. <g1>12+</g1> <t1>07.10</t1> Автовинтаж. <g1>16+</g1> <t1>07.50</t1> YUKA Drive Джимхана 4 этап 2024. <g1>12+</g1> <t1>08.35</t1> В сердце Африки. <g1>16+</g1> <t1>09.10</t1> Экспедиция через полюс холода на Новосибирские острова. <g1>16+</g1> <t1>10.15</t1> Тур де на "Драйве". <g1>16+</g1> <t1>10.45</t1> Автолайф. <g1>16+</g1> <t1>11.00</t1> Мототренды - QJ motor SRV 350. <g1>12+</g1> <t1>11.20</t1> Автополигон. <g1>16+</g1> <t1>12.05</t1> Испытание на прочность р. <g1>16+</g1> <t1>12.35</t1> Автомобили мира. <g1>16+</g1> <t1>13.05</t1> Потестим на "Драйве". <g1>16+</g1> <t1>13.35</t1> Выбираем на "вторичке" - Kia K5. <g1>12+</g1> <t1>13.55</t1> Автовинтаж. <g1>16+</g1> <t1>15.05</t1> YUKA Drive Джимхана 5 этап 2024. <g1>12+</g1> <t1>15.50</t1> В сердце Африки. <g1>16+</g1> <t1>16.20</t1> Экспедиция через полюс холода на Новосибирские острова. <g1>16+</g1> <t1>17.05</t1> Тур де на "Драйве". <g1>16+</g1> <t1>17.35</t1> Автолайф (2018) Россия. <g1>12+</g1> <t1>17.50</t1> Автолайф. <g1>16+</g1> <t1>18.10</t1> Мототренды - QJ motor SRV 350. <g1>12+</g1> <t1>18.30</t1> Мототренды. <g1>12+</g1> <t1>18.45</t1> Автополигон. <g1>16+</g1> <t1>19.30</t1> Испытание на прочность р. <g1>16+</g1> <t1>20.00</t1> Автомобили мира. <g1>16+</g1> <t1>20.30</t1> Потестим на "Драйве". <g1>16+</g1> <t1>21.05</t1> Выбираем на "вторичке" - Kia K5. <g1>12+</g1> <t1>21.25</t1> Автовинтаж. <g1>16+</g1> <t1>22.30</t1> YUKA Drive Джимхана 5 этап 2024. <g1>12+</g1> <t1>23.15</t1> В сердце Африки. <g1>16+</g1> <t1>23.45</t1> Экспедиция через полюс холода на Новосибирские острова. <g1>16+</g1> <t1>00.30</t1> Тур де на "Драйве". <g1>16+</g1> <t1>01.00</t1> Автолайф (2018) Россия. <g1>12+</g1> <t1>01.10</t1> Автолайф. <g1>16+</g1> <t1>01.25</t1> Мототренды. <g1>12+</g1> <t1>01.40</t1> Автополигон. <g1>16+</g1> <t1>02.20</t1> Испытание на прочность р. <g1>16+</g1> <t1>02.45</t1> Автомобили мира. <g1>16+</g1> <t1>03.20</t1> Полезные советы. <g1>12+</g1> <t1>03.35</t1> Полезные советы. <g1>12+</g1> <t1>03.45</t1> Выбираем на "вторичке" - Kia K5. <g1>12+</g1> <t1>04.00</t1> Тур де на "Драйве". <g1>16+</g1> <t1>04.40</t1> Автовинтаж. <g1>16+</g1> <t1>05.40</t1> Говорит и показывает Мельников. <g1>12+</g1>
</чт>
<пт><h1>Матч ТВ</h1>
<t1>06.00</t1> "Лучшие из лучших". <g1>12+</g1> <t1>06.30</t1> "Формула-1. Гаснут огни". <g1>12+</g1> <t1>07.00</t1> Новости. <t1>07.05</t1> Все на Матч! Прямой эфир. <t1>09.00</t1> Новости. <t1>09.05</t1> "Небесная грация". <g1>6+</g1> <t1>09.25</t1> "Культовые". <g1>12+</g1> <t1>10.30</t1> Смешанные единоборства. АСА. Абдул-Азиз Абдулвахабов против Али Багова. Трансляция из Грозного. <g1>16+</g1> <t1>11.35</t1> Все на Матч! Прямой эфир. <t1>12.35</t1> "Лица страны. Валерия Коблова". <g1>12+</g1> <t1>12.55</t1> Новости. <t1>13.00</t1> Есть тема! Прямой эфир. <t1>14.25</t1> "Взойди на свой Олимп". <g1>12+</g1> <t1>15.05</t1> "Лучшие из лучших". <g1>12+</g1> <t1>15.35</t1> Новости. <t1>15.40</t1> Все на Матч! Прямой эфир. <t1>16.30</t1> Легкая атлетика. ПСБ Чемпионат России. Прямая трансляция из Казани. <t1>20.45</t1> Смешанные единоборства. One FC. Трансляция из Таиланда. <g1>16+</g1> <t1>23.30</t1> Все на Матч! Прямой эфир. <t1>00.55</t1> "Культовые". <g1>12+</g1> <t1>01.25</t1> "Вы это видели". <g1>12+</g1> <t1>02.25</t1> Пляжное самбо. Чемпионат мира. Трансляция из Сингапура. <g1>12+</g1> <t1>03.25</t1> "Взойди на свой Олимп". <g1>12+</g1> <t1>03.55</t1> Новости. <g1>0+</g1> <t1>04.00</t1> Легкая атлетика. ПСБ Чемпионат России. Трансляция из Казани. <g1>6+</g1>

<h1>ЗдоровоеТВ</h1>
<t1>06.00</t1> Бабушки против педиатров. <g1>16+</g1> <t1>06.45</t1> Бабушки против педиатров. <g1>16+</g1> <t1>07.30</t1> Игра Гормонов. <g1>16+</g1> <t1>08.10</t1> Игра Гормонов. <g1>16+</g1> <t1>09.00</t1> Здоровье со смыслом. <g1>16+</g1> <t1>09.55</t1> 45+ Возраст счастья с Яной Павлидис. <g1>16+</g1> <t1>10.50</t1> 45+ Возраст счастья с Яной Павлидис. <g1>16+</g1> <t1>12.05</t1> Доктор Длин. <g1>16+</g1> <t1>12.15</t1> Бабушки против педиатров. <g1>16+</g1> <t1>13.05</t1> Бабушки против педиатров. <g1>16+</g1> <t1>13.50</t1> Рецепты врачей. <g1>12+</g1> <t1>14.20</t1> Рецепты врачей. <g1>12+</g1> <t1>14.45</t1> Метод доктора Длина. <g1>16+</g1> <t1>15.00</t1> Метод доктора Длина. <g1>16+</g1> <t1>15.20</t1> Здоровье со смыслом. <g1>16+</g1> <t1>16.10</t1> Доктор Длин. <g1>16+</g1> <t1>16.15</t1> Вопрос из спальни. <g1>16+</g1> <t1>17.10</t1> Вопрос из спальни. <g1>16+</g1> <t1>18.00</t1> Краткий курс счастливой мамы. <g1>12+</g1> <t1>18.25</t1> ЗОЖигательные рецепты от шефа. <g1>16+</g1> <t1>18.55</t1> Вопрос из спальни. <g1>16+</g1> <t1>19.50</t1> Вопрос из спальни. <g1>16+</g1> <t1>20.40</t1> Доктор Длин. <g1>16+</g1> <t1>20.45</t1> 45+ Возраст счастья с Яной Павлидис. <g1>16+</g1> <t1>22.10</t1> Краткий курс счастливой мамы. <g1>12+</g1> <t1>22.35</t1> ЗОЖигательные рецепты от шефа. <g1>12+</g1> <t1>23.00</t1> Вопрос из спальни. <g1>16+</g1> <t1>23.50</t1> Вопрос из спальни. <g1>16+</g1> <t1>00.45</t1> Доктор Длин. <g1>16+</g1> <t1>00.50</t1> 45+ Возраст счастья с Яной Павлидис. <g1>16+</g1> <t1>02.00</t1> Здоровье со смыслом. <g1>16+</g1> <t1>02.20</t1> Здоровье со смыслом. <g1>16+</g1> <t1>02.35</t1> Здоровье со смыслом. <g1>16+</g1> <t1>03.30</t1> Игра симптомов. <g1>16+</g1> <t1>03.55</t1> Игра симптомов. <g1>16+</g1> <t1>04.20</t1> Игра Гормонов. <g1>16+</g1> <t1>05.05</t1> Игра Гормонов. <g1>16+</g1>

<h1>Drive</h1>
<t1>06.05</t1> В свете фар. <g1>12+</g1> <t1>07.35</t1> YUKA Drive Джимхана 5 этап 2024. <g1>12+</g1> <t1>08.20</t1> Yuka Drive Джимхана лайт 1 этап. <g1>16+</g1> <t1>09.05</t1> Потестим на "Драйве". <g1>16+</g1> <t1>09.40</t1> Yuka Drive Джимхана лайт 2 этап. <g1>16+</g1> <t1>10.20</t1> Потестим на "Драйве". <g1>16+</g1> <t1>10.55</t1> Автолайф. <g1>16+</g1> <t1>11.10</t1> Полезные советы. <g1>12+</g1> <t1>11.25</t1> Автомобили мира. <g1>16+</g1> <t1>12.00</t1> Полезные советы. <g1>12+</g1> <t1>12.15</t1> Выбираем на "вторичке" - BMW 3 серия (F30). <g1>12+</g1> <t1>12.30</t1> Выбираем на "вторичке" - Land Rover Evoque. <g1>12+</g1> <t1>12.45</t1> Мототренды - GROZA TRAVELLER 800. <g1>12+</g1> <t1>13.05</t1> Мототренды - LIFAN KPT 200. <g1>12+</g1> <t1>13.20</t1> Автополигон. <g1>16+</g1> <t1>14.05</t1> Говорит и показывает Мельников. <g1>12+</g1> <t1>14.15</t1> Вторичка р. <g1>16+</g1> <t1>14.30</t1> Вторичка р. <g1>16+</g1> <t1>14.45</t1> АвтоКаламбур. <g1>16+</g1> <t1>15.10</t1> Реставрация: Dodge Charger. <g1>12+</g1> <t1>15.20</t1> Реставрация: Dodge Charger. <g1>12+</g1> <t1>15.35</t1> Реставрация: Dodge Charger. <g1>12+</g1> <t1>15.50</t1> Реставрация: Dodge Charger. <g1>12+</g1> <t1>16.05</t1> Реставрация: Dodge Charger. <g1>12+</g1> <t1>16.20</t1> Реставрация: Dodge Charger. <g1>12+</g1> <t1>16.35</t1> Реставрация: Dodge Charger. <g1>12+</g1> <t1>17.00</t1> Тур де на "Драйве". <g1>16+</g1> <t1>17.25</t1> Автолайф. <g1>16+</g1> <t1>17.45</t1> Автолайф. <g1>16+</g1> <t1>18.00</t1> Итоговые новости. <g1>12+</g1> <t1>18.15</t1> Мототренды - GROZA TRAVELLER 800. <g1>12+</g1> <t1>18.30</t1> Автополигон. <g1>16+</g1> <t1>19.15</t1> Испытание на прочность р. <g1>16+</g1> <t1>19.40</t1> Автомобили мира. <g1>16+</g1> <t1>20.20</t1> Потестим на "Драйве". <g1>16+</g1> <t1>20.50</t1> Выбираем на "вторичке" - WV Tiguan. <g1>12+</g1> <t1>21.05</t1> Итоговые новости. <g1>12+</g1> <t1>21.20</t1> Автомобили мира. <g1>16+</g1> <t1>22.05</t1> YUKA Drive Джимхана 2 этап 2024. <g1>12+</g1> <t1>22.45</t1> В сердце Африки. <g1>16+</g1> <t1>23.20</t1> Экспедиция через полюс холода на Новосибирские острова. <g1>16+</g1> <t1>00.00</t1> Итоговые новости. <g1>12+</g1> <t1>00.15</t1> В свете фар. <g1>16+</g1> <t1>01.45</t1> YUKA Drive Джимхана 1 этап 2024. <g1>12+</g1> <t1>02.25</t1> АвтоКаламбур. <g1>16+</g1> <t1>02.40</t1> Автолайф. <g1>16+</g1> <t1>02.55</t1> Тур де на "Драйве". <g1>16+</g1> <t1>03.35</t1> YUKA Drive Джимхана 2 этап 2024. <g1>12+</g1> <t1>04.15</t1> YUKA Drive Джимхана 3 этап 2024. <g1>12+</g1> <t1>04.55</t1> Говорит и показывает Мельников. <g1>12+</g1> <t1>05.20</t1> YUKA Drive Джимхана 4 этап 2024. <g1>12+</g1>
</пт>
<сб><h1>Матч ТВ</h1>
<t1>06.00</t1> Смешанные единоборства. UFC. Марвин Веттори против Романа Долидзе. Трансляция из США. <g1>16+</g1> <t1>07.00</t1> Новости. <t1>07.05</t1> Все на Матч! Прямой эфир. <t1>09.00</t1> Новости. <t1>09.05</t1> "Чемпионы". Анимационный сериал. <g1>6+</g1> <t1>09.30</t1> "Вы это видели". <g1>12+</g1> <t1>10.35</t1> "Дэвид Бекхэм. Одиозный". Документальный фильм. <g1>12+</g1> <t1>12.05</t1> Матч! Парад. <g1>16+</g1> <t1>12.35</t1> Новости. <t1>12.40</t1> Все на Матч! Прямой эфир. <t1>13.55</t1> Регби. Pari Чемпионат России. "Слава" (Москва) - "ВВА-Подмосковье" (Монино). Прямая трансляция. <t1>16.00</t1> Все на Матч! Прямой эфир. <t1>17.00</t1> Футбол. МИР Российская Премьер-Лига. "Локомотив" (Москва) - "Спартак" (Москва). Прямая трансляция. <t1>20.15</t1> Футбол. МИР Российская Премьер-Лига. "Ахмат" (Грозный) - "Зенит" (Санкт-Петербург). Прямая трансляция. <t1>22.30</t1> Все на Матч! Прямой эфир. <t1>00.00</t1> Смешанные единоборства. UFC. Роман Долидзе против Энтони Эрнандеса. Прямая трансляция из США. <t1>05.30</t1> Матч! Парад. <g1>16+</g1>

<h1>ЗдоровоеТВ</h1>
<t1>06.00</t1> Здоровье со смыслом. <g1>16+</g1> <t1>07.25</t1> Здоровье со смыслом. <g1>16+</g1> <t1>07.45</t1> Здоровье со смыслом. <g1>16+</g1> <t1>08.05</t1> Здоровье со смыслом. <g1>16+</g1> <t1>08.20</t1> Здоровье со смыслом. <g1>16+</g1> <t1>08.40</t1> Здоровье со смыслом. <g1>16+</g1> <t1>09.00</t1> Здоровье со смыслом. <g1>16+</g1> <t1>09.15</t1> Здоровье со смыслом. <g1>16+</g1> <t1>09.35</t1> Здоровье со смыслом. <g1>16+</g1> <t1>10.35</t1> Здоровье со смыслом. <g1>16+</g1> <t1>11.30</t1> Здоровье со смыслом. <g1>16+</g1> <t1>12.40</t1> Бабушки против педиатров. <g1>16+</g1> <t1>13.30</t1> Бабушки против педиатров. <g1>16+</g1> <t1>14.20</t1> Бабушки против педиатров. <g1>16+</g1> <t1>15.05</t1> Бабушки против педиатров. <g1>16+</g1> <t1>15.50</t1> Бабушки против педиатров. <g1>16+</g1> <t1>16.40</t1> Бабушки против педиатров. <g1>16+</g1> <t1>17.25</t1> Бабушки против педиатров. <g1>16+</g1> <t1>18.15</t1> Игра Гормонов. <g1>16+</g1> <t1>19.05</t1> Игра Гормонов. <g1>16+</g1> <t1>19.45</t1> Игра Гормонов. <g1>16+</g1> <t1>20.30</t1> Игра Гормонов. <g1>16+</g1> <t1>21.05</t1> Игра Гормонов. <g1>16+</g1> <t1>21.50</t1> Здоровье со смыслом. <g1>16+</g1> <t1>23.20</t1> Здоровье со смыслом. <g1>16+</g1> <t1>23.40</t1> Здоровье со смыслом. <g1>16+</g1> <t1>23.55</t1> Здоровье со смыслом. <g1>16+</g1> <t1>00.10</t1> Здоровье со смыслом. <g1>16+</g1> <t1>00.30</t1> Здоровье со смыслом. <g1>16+</g1> <t1>00.50</t1> Здоровье со смыслом. <g1>16+</g1> <t1>01.10</t1> Здоровье со смыслом. <g1>16+</g1> <t1>01.25</t1> Здоровье со смыслом. <g1>16+</g1> <t1>02.20</t1> Здоровье со смыслом. <g1>16+</g1> <t1>03.15</t1> Здоровье со смыслом. <g1>16+</g1> <t1>04.25</t1> Бабушки против педиатров. <g1>16+</g1> <t1>05.10</t1> Бабушки против педиатров. <g1>16+</g1>

<h1>Drive</h1>
<t1>06.00</t1> Итоговые новости. <g1>12+</g1> <t1>06.15</t1> Реставрация: Dodge Charger. <g1>12+</g1> <t1>06.30</t1> Реставрация: Dodge Charger. <g1>12+</g1> <t1>06.40</t1> Реставрация: Dodge Charger. <g1>12+</g1> <t1>06.50</t1> Реставрация: Dodge Charger. <g1>12+</g1> <t1>07.05</t1> Реставрация: Dodge Charger. <g1>12+</g1> <t1>07.15</t1> Реставрация: Dodge Charger. <g1>12+</g1> <t1>07.30</t1> Реставрация: Dodge Charger. <g1>12+</g1> <t1>07.50</t1> Тур де на "Драйве". <g1>16+</g1> <t1>08.20</t1> Автолайф. <g1>16+</g1> <t1>08.40</t1> Автолайф. <g1>16+</g1> <t1>08.55</t1> Итоговые новости. <g1>12+</g1> <t1>09.10</t1> Мототренды - GROZA TRAVELLER 800. <g1>12+</g1> <t1>09.25</t1> Автополигон. <g1>16+</g1> <t1>10.10</t1> Испытание на прочность р. <g1>16+</g1> <t1>10.40</t1> Автомобили мира. <g1>16+</g1> <t1>11.20</t1> Потестим на "Драйве". <g1>16+</g1> <t1>11.50</t1> Выбираем на "вторичке" - WV Tiguan. <g1>12+</g1> <t1>12.05</t1> Итоговые новости. <g1>12+</g1> <t1>12.20</t1> Автомобили мира. <g1>16+</g1> <t1>13.00</t1> YUKA Drive Джимхана 2 этап 2024. <g1>12+</g1> <t1>13.45</t1> В сердце Африки. <g1>16+</g1> <t1>14.15</t1> Экспедиция через полюс холода на Новосибирские острова. <g1>16+</g1> <t1>15.00</t1> Итоговые новости. <g1>12+</g1> <t1>15.15</t1> В свете фар. <g1>16+</g1> <t1>17.00</t1> Тур де на "Драйве". <g1>16+</g1> <t1>17.30</t1> Тур де на "Драйве". <g1>16+</g1> <t1>18.00</t1> Итоговые новости. <g1>12+</g1> <t1>18.15</t1> Тур де на "Драйве". <g1>16+</g1> <t1>19.00</t1> Тур де на "Драйве". <g1>16+</g1> <t1>19.40</t1> Тур де на "Драйве". <g1>16+</g1> <t1>20.10</t1> Тур де на "Драйве". <g1>16+</g1> <t1>20.40</t1> Тур де на "Драйве". <g1>16+</g1> <t1>21.15</t1> Итоговые новости. <g1>12+</g1> <t1>21.30</t1> Тур де на "Драйве". <g1>16+</g1> <t1>22.10</t1> Тур де на "Драйве". <g1>16+</g1> <t1>22.55</t1> Тур де на "Драйве". <g1>16+</g1> <t1>23.35</t1> Тур де на "Драйве". <g1>16+</g1> <t1>00.05</t1> Тур де на "Драйве". <g1>16+</g1> <t1>00.45</t1> Тур де на "Драйве". <g1>16+</g1> <t1>01.15</t1> Тур де на "Драйве". <g1>16+</g1> <t1>01.40</t1> Тур де на "Драйве". <g1>16+</g1> <t1>02.10</t1> Потестим на "Драйве". <g1>16+</g1> <t1>02.40</t1> Автолайф. <g1>16+</g1> <t1>02.55</t1> АвтоКаламбур. <g1>16+</g1> <t1>03.10</t1> Полезные советы. <g1>12+</g1> <t1>03.20</t1> Полезные советы. <g1>12+</g1> <t1>03.35</t1> Автомобили мира. <g1>16+</g1> <t1>04.05</t1> Выбираем на "вторичке" - BMW 3 серия (F30). <g1>12+</g1> <t1>04.15</t1> Выбираем на "вторичке" - Land Rover Evoque. <g1>12+</g1> <t1>04.30</t1> Мототренды - GROZA TRAVELLER 800. <g1>12+</g1> <t1>04.45</t1> Мототренды - LIFAN KPT 200. <g1>12+</g1> <t1>05.00</t1> Говорит и показывает Мельников. <g1>12+</g1> <t1>05.25</t1> Автополигон. <g1>16+</g1>
</сб>
<вс><h1>Матч ТВ</h1>
<t1>06.00</t1> Смешанные единоборства. АСА. Абдул-Азиз Абдулвахабов против Али Багова. Трансляция из Грозного. <g1>16+</g1> <t1>07.00</t1> Новости. <t1>07.05</t1> Все на Матч! Прямой эфир. <t1>08.55</t1> Тяжелая атлетика. Чемпионат России. Женщины. Прямая трансляция из Санкт-Петербурга. <t1>12.35</t1> Новости. <t1>12.40</t1> Все на Матч! Прямой эфир. <t1>13.55</t1> Футбол. Лига Пари. "Шинник" (Ярославль) - "Нефтехимик" (Нижнекамск). Прямая трансляция. <t1>16.00</t1> Легкая атлетика. ПСБ Чемпионат России. Прямая трансляция из Казани. <t1>20.15</t1> Футбол. МИР Российская Премьер-Лига. "Ростов" (Ростов-на-Дону) - "Пари НН" (Нижний Новгород). Прямая трансляция. <t1>22.30</t1> После футбола с Георгием Черданцевым. <t1>23.55</t1> Новости. <g1>0+</g1> <t1>00.00</t1> Все на Матч! Прямой эфир. <t1>01.30</t1> Матч! Парад. <g1>16+</g1> <t1>02.00</t1> Регби. Pari Чемпионат России. "Локомотив-Пенза" - "Енисей-СТМ" (Красноярск). <g1>12+</g1> <t1>03.55</t1> Новости. <g1>0+</g1> <t1>04.00</t1> Тяжелая атлетика. Чемпионат России. Трансляция из Санкт-Петербурга. <g1>12+</g1>

<h1>ЗдоровоеТВ</h1>
<t1>06.00</t1> Бабушки против педиатров. <g1>16+</g1> <t1>06.40</t1> Бабушки против педиатров. <g1>16+</g1> <t1>07.30</t1> Бабушки против педиатров. <g1>16+</g1> <t1>08.15</t1> Бабушки против педиатров. <g1>16+</g1> <t1>09.05</t1> Бабушки против педиатров. <g1>16+</g1> <t1>09.50</t1> Игра Гормонов. <g1>16+</g1> <t1>10.40</t1> Игра Гормонов. <g1>16+</g1> <t1>11.25</t1> Игра Гормонов. <g1>16+</g1> <t1>12.05</t1> Игра Гормонов. <g1>16+</g1> <t1>12.40</t1> Игра Гормонов. <g1>16+</g1> <t1>13.25</t1> Здоровье со смыслом. <g1>16+</g1> <t1>14.55</t1> Здоровье со смыслом. <g1>16+</g1> <t1>15.15</t1> Здоровье со смыслом. <g1>16+</g1> <t1>15.30</t1> Здоровье со смыслом. <g1>16+</g1> <t1>15.45</t1> Здоровье со смыслом. <g1>16+</g1> <t1>16.10</t1> Здоровье со смыслом. <g1>16+</g1> <t1>16.30</t1> Здоровье со смыслом. <g1>16+</g1> <t1>16.45</t1> Здоровье со смыслом. <g1>16+</g1> <t1>17.00</t1> Здоровье со смыслом. <g1>16+</g1> <t1>18.00</t1> Здоровье со смыслом. <g1>16+</g1> <t1>18.55</t1> Здоровье со смыслом. <g1>16+</g1> <t1>20.10</t1> Бабушки против педиатров. <g1>16+</g1> <t1>21.00</t1> Бабушки против педиатров. <g1>16+</g1> <t1>21.50</t1> Бабушки против педиатров. <g1>16+</g1> <t1>22.35</t1> Бабушки против педиатров. <g1>16+</g1> <t1>23.20</t1> Бабушки против педиатров. <g1>16+</g1> <t1>00.05</t1> Бабушки против педиатров. <g1>16+</g1> <t1>00.55</t1> Бабушки против педиатров. <g1>16+</g1> <t1>01.40</t1> Игра Гормонов. <g1>16+</g1> <t1>02.25</t1> Игра Гормонов. <g1>16+</g1> <t1>03.05</t1> Игра Гормонов. <g1>16+</g1> <t1>03.50</t1> Игра Гормонов. <g1>16+</g1> <t1>04.25</t1> Игра Гормонов. <g1>16+</g1> <t1>05.10</t1> Здоровье со смыслом. <g1>16+</g1> <t1>05.30</t1> Здоровье со смыслом. <g1>16+</g1> <t1>05.45</t1> Здоровье со смыслом. <g1>16+</g1>

<h1>Drive</h1>
<t1>06.05</t1> Итоговые новости. <g1>12+</g1> <t1>06.15</t1> Испытание на прочность р. <g1>16+</g1> <t1>06.45</t1> Полезные советы. <g1>12+</g1> <t1>06.55</t1> Мототренды - LIFAN LF 175. <g1>12+</g1> <t1>07.10</t1> Выбираем на "вторичке" - WV Tiguan. <g1>12+</g1> <t1>07.25</t1> Автомобили мира. <g1>16+</g1> <t1>08.10</t1> YUKA Drive Джимхана 2 этап 2024. <g1>12+</g1> <t1>08.50</t1> В сердце Африки. <g1>16+</g1> <t1>09.20</t1> Экспедиция через полюс холода на Новосибирские острова. <g1>16+</g1> <t1>10.05</t1> Итоговые новости. <g1>12+</g1> <t1>10.20</t1> В свете фар. <g1>16+</g1> <t1>12.00</t1> Тур де на "Драйве". <g1>16+</g1> <t1>12.35</t1> Тур де на "Драйве". <g1>16+</g1> <t1>13.15</t1> Итоговые новости. <g1>12+</g1> <t1>13.30</t1> Тур де на "Драйве". <g1>16+</g1> <t1>14.15</t1> Тур де на "Драйве". <g1>16+</g1> <t1>14.55</t1> Тур де на "Драйве". <g1>16+</g1> <t1>15.40</t1> Тур де на "Драйве". <g1>16+</g1> <t1>16.10</t1> Итоговые новости. <g1>12+</g1> <t1>16.25</t1> Тур де на "Драйве". <g1>16+</g1> <t1>16.55</t1> В Арктику на край земли. <g1>16+</g1> <t1>17.40</t1> В Арктику на край земли. <g1>16+</g1> <t1>18.20</t1> В Арктику на край земли. <g1>16+</g1> <t1>19.00</t1> Итоговые новости. <g1>12+</g1> <t1>19.15</t1> В Арктику на край земли. <g1>16+</g1> <t1>20.00</t1> В Арктику на край земли. <g1>16+</g1> <t1>20.45</t1> В Арктику на край земли. <g1>16+</g1> <t1>21.10</t1> Итоговые новости. <g1>12+</g1> <t1>21.25</t1> В Арктику на край земли. <g1>16+</g1> <t1>22.10</t1> В Арктику на край земли. <g1>16+</g1> <t1>22.50</t1> В Арктику на край земли. <g1>16+</g1> <t1>23.35</t1> В Арктику на край земли. <g1>16+</g1> <t1>00.15</t1> В Арктику на край земли. <g1>16+</g1> <t1>00.55</t1> Тур де на "Драйве". <g1>16+</g1> <t1>01.25</t1> Автолайф. <g1>16+</g1> <t1>01.40</t1> Автолайф. <g1>16+</g1> <t1>01.55</t1> Автополигон. <g1>16+</g1> <t1>02.35</t1> Испытание на прочность р. <g1>16+</g1> <t1>03.00</t1> Автомобили мира. <g1>16+</g1> <t1>03.40</t1> Потестим на "Драйве". <g1>16+</g1> <t1>04.05</t1> Выбираем на "вторичке" - WV Tiguan. <g1>12+</g1> <t1>04.20</t1> Потестим на "Драйве". <g1>16+</g1> <t1>04.45</t1> Автомобили мира. <g1>16+</g1> <t1>05.25</t1> Тур де на "Драйве". <g1>16+</g1>
</вс></Спорт></Кабельные></Каналы>