<?xml version="1.0" encoding="utf-8" standalone="yes" ?>
<Каналы><Кабельные><Музыка><пн><h1>Пятница</h1>
<t1>05.00</t1> "Секреты на кухне". Консервы. <g1>16+</g1> <t1>05.50</t1> "Пятница News". <g1>16+</g1> <t1>06.20</t1> "Зовите шефа". Муром. Точка. <g1>16+</g1> <t1>07.00</t1> "Зовите шефа". Сочи. Toni Vecher. <g1>16+</g1> <t1>08.00</t1> "Четыре дачи". Краснодарский край. <g1>16+</g1> <t1>09.20</t1> "Четыре дачи". Воронежская область. <g1>16+</g1> <t1>11.10</t1> "Адский шеф". <g1>16+</g1> <t1>14.40</t1> "Битва шефов". <g1>16+</g1> <t1>16.30</t1> "Битва шефов". <g1>16+</g1> <t1>19.00</t1> "Домохозяйки против шефов: Битва за вкус". Домохозяйки против шефов. <g1>16+</g1> <t1>20.40</t1> "Битва шефов". <g1>16+</g1> <t1>22.40</t1> "Король десертов. Кубок Агзамова". <g1>16+</g1> <t1>00.10</t1> "Самородки". Юрий Стоянов и Ида Галич. <g1>16+</g1> <t1>01.50</t1> "Пятница News". <g1>16+</g1> <t1>02.10</t1> "Поющий офис". Кострома. <g1>16+</g1> <t1>03.10</t1> "Пробный переезд". Камчатка. <g1>16+</g1> <t1>04.00</t1> "Секреты на кухне". Дача. <g1>16+</g1> <t1>04.40</t1> "Пятница News". <g1>16+</g1>

<h1>Ю</h1>
<t1>05.00</t1> "Моя свекровь - монстр". Реалити-шоу. <g1>16+</g1> <t1>06.05</t1> "Свадебный размер". <g1>16+</g1> <t1>09.00</t1> "Моя свадьба лучше!" <g1>16+</g1> <t1>11.00</t1> <m1>"ТАЙНАЯ ЖИЗНЬ"</m1>. Телесериал. <g1>16+</g1> <t1>12.35</t1> "Моя свекровь - монстр". Реалити-шоу. <t1>16.40</t1> "Зови меня мамой". <g1>16+</g1> <t1>21.00</t1> "Дом-2. Новая жизнь". <g1>16+</g1> <t1>00.05</t1> <m1>"Семья"</m1>. Телесериал. <g1>16+</g1> <t1>01.50</t1> "Измены". <g1>16+</g1> <t1>03.30</t1> "Моя свекровь - монстр". Реалити-шоу.
</пн>
<вт><h1>Пятница</h1>
<t1>05.00</t1> "Секреты на кухне". Готовит Ольга Бузова. <g1>16+</g1> <t1>05.50</t1> "Пятница News". <g1>16+</g1> <t1>06.20</t1> "Зовите шефа". Сочи. У Ра. <g1>16+</g1> <t1>07.00</t1> "Зовите шефа". Сочи. Этолето. <g1>16+</g1> <t1>08.00</t1> "Четыре дачи". Московская область. <g1>16+</g1> <t1>09.30</t1> "Четыре дачи". Московская область 2. <g1>16+</g1> <t1>11.10</t1> "Адский шеф". <g1>16+</g1> <t1>14.10</t1> "Черный список". Мастера по установке домофонов. <g1>16+</g1> <t1>15.10</t1> "Черный список". Монтаж натяжных потолков. <g1>16+</g1> <t1>16.10</t1> "Черный список". Услуги по переезду. <g1>16+</g1> <t1>17.10</t1> "Черный список. На кухне". Ростов-на-Дону. Живаго. <g1>16+</g1> <t1>18.10</t1> "Черный список. На кухне". Воронеж. Мишка. <g1>16+</g1> <t1>19.00</t1> "Черный список". Клининг. <g1>16+</g1> <t1>20.00</t1> "Черный список". Услуги по мытью окон. <g1>16+</g1> <t1>21.00</t1> "Черный список". Специалисты по уходу за животными. <g1>16+</g1> <t1>22.00</t1> "Новый Ревизорро". Эзотерики. <g1>16+</g1> <t1>23.20</t1> "Мистер Х". <g1>16+</g1> <t1>00.50</t1> "Пятница News". <g1>16+</g1> <t1>01.10</t1> "Поющий офис". Нижний Новгород. <g1>16+</g1> <t1>02.10</t1> "Поющий офис". Рязань. <g1>16+</g1> <t1>03.10</t1> "Пробный переезд". Южно-Сахалинск. <g1>16+</g1> <t1>03.50</t1> "Секреты на кухне". Тыква. <g1>16+</g1> <t1>04.40</t1> "Пятница News". <g1>16+</g1>

<h1>Ю</h1>
<t1>05.00</t1> "Моя свекровь - монстр". Реалити-шоу. <t1>06.00</t1> "Свадебный размер". <g1>16+</g1> <t1>09.00</t1> "Моя свадьба лучше!" <g1>16+</g1> <t1>11.00</t1> <m1>"ТАЙНАЯ ЖИЗНЬ"</m1>. Телесериал. <g1>16+</g1> <t1>12.40</t1> "Моя свекровь - монстр". Реалити-шоу. <t1>17.40</t1> "Битва за тело". <g1>16+</g1> <t1>21.00</t1> "Дом-2. Новая жизнь". <g1>16+</g1> <t1>00.05</t1> <m1>"Семья"</m1>. Телесериал. <g1>16+</g1> <t1>01.55</t1> "Измены". <g1>16+</g1> <t1>03.35</t1> "Моя свекровь - монстр". Реалити-шоу.
</вт>
<ср><h1>Пятница</h1>
<t1>05.00</t1> "Секреты на кухне". Готовит Валентина Рубцова. <g1>16+</g1> <t1>06.00</t1> "Пятница News". <g1>16+</g1> <t1>06.20</t1> "Зовите шефа". Адлер. Хитрый шпрот. <g1>16+</g1> <t1>07.10</t1> "Зовите шефа". Зеленоград. Анкор. <g1>16+</g1> <t1>08.00</t1> "Четыре дачи". Московская область 3. <g1>16+</g1> <t1>09.40</t1> "Четыре дачи". Саратовская область. <g1>16+</g1> <t1>11.20</t1> "Адский шеф". <g1>16+</g1> <t1>14.20</t1> "Битва шефов". <g1>16+</g1> <t1>16.30</t1> "Битва шефов". <g1>16+</g1> <t1>19.00</t1> "Молодые ножи". Итальянская классика. <g1>16+</g1> <t1>20.10</t1> "Черный список. На кухне". Воронеж. Sazerac. <g1>16+</g1> <t1>21.20</t1> "Черный список. На кухне". Воронеж. Мишка. <g1>16+</g1> <t1>22.20</t1> "Черный список. На кухне". Ростов-на-Дону. Живаго. <g1>16+</g1> <t1>23.10</t1> "Мистер Х". Финал. <g1>16+</g1> <t1>01.40</t1> "Пятница News". <g1>16+</g1> <t1>02.10</t1> "Поющий офис". Вологда. <g1>16+</g1> <t1>03.10</t1> "Пробный переезд". Хабаровск. <g1>16+</g1> <t1>03.40</t1> "Секреты на кухне". Готовит Глюкоза. <g1>16+</g1> <t1>04.40</t1> "Пятница News". <g1>16+</g1>

<h1>Ю</h1>
<t1>05.00</t1> "Моя свекровь - монстр". Реалити-шоу. <t1>06.05</t1> "Свадебный размер". <g1>16+</g1> <t1>09.00</t1> "Моя свадьба лучше!" <g1>16+</g1> <t1>11.00</t1> <m1>"ТАЙНАЯ ЖИЗНЬ"</m1>. Телесериал. <g1>16+</g1> <t1>12.45</t1> "Моя свекровь - монстр". Реалити-шоу. <t1>16.00</t1> "Мама в 16". <t1>21.00</t1> "Дом-2. Новая жизнь". <g1>16+</g1> <t1>00.05</t1> <m1>"Семья"</m1>. Телесериал. <g1>16+</g1> <t1>01.55</t1> "Измены". <g1>16+</g1> <t1>03.35</t1> "Моя свекровь - монстр". Реалити-шоу.
</ср>
<чт><h1>Пятница</h1>
<t1>05.00</t1> "Секреты на кухне". Индейка. <g1>16+</g1> <t1>05.50</t1> "Пятница News". <g1>16+</g1> <t1>06.20</t1> "Зовите шефа". Балашиха. Ботаника. <g1>16+</g1> <t1>07.00</t1> "Зовите шефа". Москва. Balance. <g1>16+</g1> <t1>08.00</t1> "Четыре дачи". Ленинградская область. <g1>16+</g1> <t1>09.30</t1> "Четыре дачи". Ленинградская область 2. <g1>16+</g1> <t1>11.10</t1> "Адский шеф". <g1>16+</g1> <t1>14.10</t1> "Новые Четыре свадьбы". Молодежная классика vs Элегантный минимализм. <g1>16+</g1> <t1>16.10</t1> "Новые Четыре свадьбы". Женихи. <g1>16+</g1> <t1>19.00</t1> "Свадьба вслепую". Цирковой артист Алексей Смирнов и оперная певица Кристина. <g1>16+</g1> <t1>20.50</t1> "Женись на мне немедленно". <g1>16+</g1> <t1>22.00</t1> Шоу. "Школа". <g1>16+</g1> <t1>00.50</t1> "Поющий офис". Кострома. <g1>16+</g1> <t1>02.00</t1> "Пятница News". <g1>16+</g1> <t1>02.20</t1> "Поющий офис". Ярославль. <g1>16+</g1> <t1>03.20</t1> "Пробный переезд". Благовещенск. <g1>16+</g1> <t1>04.10</t1> "Секреты на кухне". Красные продукты. <g1>16+</g1> <t1>04.40</t1> "Пятница News". <g1>16+</g1>

<h1>Ю</h1>
<t1>05.00</t1> "Моя свекровь - монстр". Реалити-шоу. <t1>06.05</t1> "Свадебный размер". <g1>16+</g1> <t1>09.00</t1> "Моя свадьба лучше!" <g1>16+</g1> <t1>11.00</t1> <m1>"ТАЙНАЯ ЖИЗНЬ"</m1>. Телесериал. <g1>16+</g1> <t1>12.35</t1> "Моя свекровь - монстр". Реалити-шоу. <t1>16.20</t1> "Чадо из ада". <g1>12+</g1> <t1>21.00</t1> "Дом-2. Новая жизнь". <g1>16+</g1> <t1>00.05</t1> <m1>"Семья"</m1>. Телесериал. <g1>16+</g1> <t1>01.55</t1> "Измены". <g1>16+</g1> <t1>03.35</t1> "Моя свекровь - монстр". Реалити-шоу.
</чт>
<пт><h1>Пятница</h1>
<t1>05.00</t1> "Секреты на кухне". Завтраки. <g1>16+</g1> <t1>05.50</t1> "Пятница News". <g1>16+</g1> <t1>06.20</t1> "Зовите шефа". Санкт-Петербург. Мостик. <g1>16+</g1> <t1>07.00</t1> "Зовите шефа". Подольск. Есенин. <g1>16+</g1> <t1>08.00</t1> "Кондитер". Дети. Торт для Гусейна Гасанова. <g1>16+</g1> <t1>09.20</t1> "Умнее всех". <g1>12+</g1> <t1>10.30</t1> "Домохозяйки против шефов: Битва за вкус". <g1>16+</g1> <t1>12.20</t1> "Домохозяйки против шефов: Битва за вкус". <g1>16+</g1> <t1>14.00</t1> "Домохозяйки против шефов: Битва за вкус". <g1>16+</g1> <t1>15.40</t1> "Домохозяйки против шефов: Битва за вкус". <g1>16+</g1> <t1>17.20</t1> "Домохозяйки против шефов: Битва за вкус". Домохозяйки против шефов. <g1>16+</g1> <t1>18.50</t1> "Битва шефов". <g1>16+</g1> <t1>20.50</t1> "Битва шефов". <g1>16+</g1> <t1>23.20</t1> <m1>"НОЧЬ У МОД"</m1>. Художественный фильм. <g1>18+</g1> <t1>01.20</t1> "Пятница News". <g1>16+</g1> <t1>01.50</t1> "Поющий офис". Владимир. <g1>16+</g1> <t1>03.00</t1> "Пробный переезд". Калининград. <g1>16+</g1> <t1>03.50</t1> "Секреты на кухне". Готовит Кирилл Каганович. <g1>16+</g1> <t1>04.40</t1> "Пятница News". <g1>16+</g1>

<h1>Ю</h1>
<t1>05.00</t1> "Моя свекровь - монстр". Реалити-шоу. <t1>05.50</t1> "Рецепт по обмену". <g1>16+</g1> <t1>06.15</t1> "Свадебный размер". <g1>16+</g1> <t1>08.15</t1> "Зови меня мамой". <g1>16+</g1> <t1>11.00</t1> <m1>"ТАЙНАЯ ЖИЗНЬ"</m1>. Телесериал. <g1>16+</g1> <t1>12.10</t1> "Моя свекровь - монстр". Реалити-шоу. <t1>17.05</t1> "Модель XL". Реалити-шоу. <g1>12+</g1> <t1>21.00</t1> "Дом-2. Новая жизнь". <g1>16+</g1> <t1>00.05</t1> <m1>"Семья"</m1>. Телесериал. <g1>16+</g1> <t1>02.00</t1> "Измены". <g1>16+</g1> <t1>03.40</t1> "Моя свекровь - монстр". Реалити-шоу.
</пт>
<сб><h1>Пятница</h1>
<t1>05.00</t1> "Секреты на кухне". Готовит Настасья Самбурская. <g1>16+</g1> <t1>05.50</t1> "Пятница News". <g1>16+</g1> <t1>06.20</t1> "Гость у порога". Владивосток 2. <g1>16+</g1> <t1>08.00</t1> "Четыре дачи". Ленинградская область 2. <g1>16+</g1> <t1>09.30</t1> "Четыре дачи". Калужская область. <g1>16+</g1> <t1>11.10</t1> "Четыре дачи". Ставропольский край. <g1>16+</g1> <t1>13.00</t1> "Четыре дачи". <g1>16+</g1> <t1>14.40</t1> "Четыре дачи". Ставропольский край. <g1>16+</g1> <t1>16.20</t1> "Черный список. На кухне". Тула. HOPS. <g1>16+</g1> <t1>17.20</t1> "Черный список. На кухне". Воронеж. Sazerac. <g1>16+</g1> <t1>18.20</t1> "Черный список. На кухне". Москва. Опята. <g1>16+</g1> <t1>19.00</t1> "Черный список. На кухне". Краснодар. Казачий хутор. <g1>16+</g1> <t1>20.00</t1> "Черный список. На кухне". Тула. Гнездо. <g1>16+</g1> <t1>21.00</t1> "Черный список. На кухне". Москва. Michelada. <g1>16+</g1> <t1>22.00</t1> "Черный список. На кухне". Воронеж. Мишка. <g1>16+</g1> <t1>23.00</t1> Шоу. "Школа". <g1>16+</g1> <t1>01.30</t1> <m1>"ЖЕРОНИМО"</m1>. Художественный фильм. <g1>18+</g1> <t1>03.20</t1> "Пятница News". <g1>16+</g1> <t1>03.50</t1> "Секреты на кухне". Готовит Роман Юнусов. <g1>16+</g1> <t1>04.30</t1> "Пятница News". <g1>16+</g1>

<h1>Ю</h1>
<t1>05.00</t1> "Моя свекровь - монстр". Реалити-шоу. <t1>06.10</t1> "Рецепт по обмену". <g1>16+</g1> <t1>06.35</t1> "Свадебный размер". <g1>16+</g1> <t1>09.40</t1> "Чадо из ада". <g1>12+</g1> <t1>16.00</t1> "Мама в 16". <t1>21.00</t1> "Дом-2. Новая жизнь". <g1>16+</g1> <t1>00.05</t1> "Бывшие". <g1>16+</g1> <t1>01.30</t1> "Измены". <g1>16+</g1> <t1>04.00</t1> "Моя свекровь - монстр". Реалити-шоу.
</сб>
<вс><h1>Пятница</h1>
<t1>05.00</t1> "Секреты на кухне". Фастфуд. <g1>16+</g1> <t1>05.50</t1> "Пятница News". <g1>16+</g1> <t1>07.10</t1> "Гастротур". Республика Башкортостан. <g1>16+</g1> <t1>08.10</t1> Шоу. "Погнали! в Южную Корею. Путь нелегала". <g1>16+</g1> <t1>10.00</t1> "Белая амазонка". <g1>16+</g1> <t1>11.00</t1> Шоу. "Погнали! в Аргентину. Где пряталось зло?" <g1>16+</g1> <t1>13.20</t1> Шоу. "Погнали! в Аргентину. Культ Марадоны". <g1>16+</g1> <t1>15.20</t1> Шоу. "Погнали! в Испанию. Барселона. Столица уличных краж". <g1>16+</g1> <t1>16.50</t1> Шоу. "Погнали! в Колумбию. Преступность в прошлом?" <g1>16+</g1> <t1>18.20</t1> Шоу. "Погнали! в Колумбию. Сладости и гадости". <g1>16+</g1> <t1>20.10</t1> Шоу. "Погнали! в Сальвадор. Самая большая тюрьма в мире!" <g1>16+</g1> <t1>21.30</t1> Шоу. "Погнали! в Сальвадор. Харизматичный диктатор". <g1>16+</g1> <t1>23.00</t1> "Минаев Тревел". Медичи. <g1>16+</g1> <t1>00.00</t1> <m1>"ЗНАК ЛЬВА"</m1>. Художественный фильм. <g1>18+</g1> <t1>02.00</t1> "Пятница News". <g1>16+</g1> <t1>02.20</t1> "Поющий офис". Ярославль. <g1>16+</g1> <t1>03.30</t1> "Секреты на кухне". Сезонные продукты. <g1>16+</g1> <t1>04.30</t1> "Пятница News". <g1>16+</g1>

<h1>Ю</h1>
<t1>05.00</t1> "Моя свекровь - монстр". Реалити-шоу. <t1>07.25</t1> "Свадебный размер". <g1>16+</g1> <t1>09.35</t1> "Битва за тело". <g1>16+</g1> <t1>14.30</t1> "Мама в 16". <t1>21.00</t1> "Дом-2. Новая жизнь". <g1>16+</g1> <t1>00.05</t1> "Бывшие". <g1>16+</g1> <t1>01.35</t1> "Измены". <g1>16+</g1> <t1>04.05</t1> "Моя свекровь - монстр". Реалити-шоу.
</вс></Музыка></Кабельные></Каналы>