<?xml version="1.0" encoding="utf-8" standalone="yes" ?>
<Каналы><Кабельные><Отдых><пн><h1>Звезда</h1>
<t1>05.10</t1> <m1>"Смерш. Легенда ДЛЯ ПРЕДАТЕЛЯ"</m1>. Телесериал. <g1>16+</g1> <t1>07.00</t1> "Сегодня утром". <g1>12+</g1> <t1>09.00</t1> Новости дня. <g1>16+</g1> <t1>09.15</t1> "Открытый эфир". Ток-шоу. <g1>16+</g1> <t1>11.00</t1> <m1>"Разные судьбы"</m1>. Художественный фильм. <g1>12+</g1> <t1>13.00</t1> Новости дня. <g1>16+</g1> <t1>13.25</t1> <m1>"Разные судьбы"</m1>. Художественный фильм. <g1>12+</g1> <t1>13.55</t1> <m1>"Ночные ласточки"</m1>. Телесериал. <g1>16+</g1> <t1>15.00</t1> Военные новости. <g1>16+</g1> <t1>15.05</t1> <m1>"Ночные ласточки"</m1>. Телесериал. <g1>16+</g1> <t1>17.00</t1> Новости дня. <g1>16+</g1> <t1>17.15</t1> <m1>"Ночные ласточки"</m1>. Телесериал. <g1>16+</g1> <t1>18.50</t1> "Специальный репортаж". <g1>16+</g1> <t1>19.00</t1> Новости дня. <g1>16+</g1> <t1>19.55</t1> "По горячим следам". <g1>16+</g1> <t1>20.10</t1> "Скрытые угрозы" с Николаем Чиндяйкиным. <g1>16+</g1> <t1>21.00</t1> "Открытый эфир". Ток-шоу. <g1>16+</g1> <t1>22.45</t1> "Между тем" с Наталией Метлиной. <g1>12+</g1> <t1>23.15</t1> <m1>"Адъютант его превосходительства"</m1>. Телесериал. <g1>12+</g1> <t1>00.55</t1> <m1>"Разные судьбы"</m1>. Художественный фильм. <g1>12+</g1> <t1>02.35</t1> "Уроки Донбасса". <g1>16+</g1> <t1>03.15</t1> "Москва - фронту". <g1>16+</g1> <t1>03.35</t1> <m1>"Ночные ласточки"</m1>. Телесериал. <g1>16+</g1>

<h1>Че</h1>
<t1>06.00</t1> "Солдаты-13". Комедийный сериал. <g1>16+</g1> <t1>08.10</t1> "Улетное видео". <g1>16+</g1> <t1>11.00</t1> "Решала". <g1>16+</g1> <t1>13.00</t1> "Найди по ID". <g1>16+</g1> <t1>15.00</t1> "Решала". <g1>16+</g1> <t1>18.00</t1> "Притворщики". <g1>16+</g1> <t1>21.00</t1> "Охотники". <g1>16+</g1> <t1>23.00</t1> "Опасные связи". <g1>18+</g1> <t1>02.40</t1> "+100500". <g1>18+</g1> <t1>04.00</t1> "+100500". <g1>16+</g1> <t1>05.45</t1> "Солдаты-13". Комедийный сериал. <g1>16+</g1>

<h1>Охота и рыбалка</h1>
<t1>06.00</t1> Ловись, рыбка. <g1>16+</g1> <t1>06.25</t1> Ловись, рыбка. <g1>16+</g1> <t1>06.50</t1> Экспедиции Андрея Старкова. <g1>16+</g1> <t1>07.15</t1> На охотничьей тропе. <g1>16+</g1> <t1>07.45</t1> Капризная форель. <g1>16+</g1> <t1>08.15</t1> Охота с луком. <g1>16+</g1> <t1>08.50</t1> Охотничье оружие. <g1>16+</g1> <t1>09.05</t1> На зарубежных водоемах. <g1>16+</g1> <t1>09.35</t1> Рыболовные путешествия. <g1>16+</g1> <t1>10.05</t1> Карпфишеры. <g1>16+</g1> <t1>10.35</t1> Давай зарубимся! <g1>12+</g1> <t1>11.00</t1> От первого лица. <g1>12+</g1> <t1>11.40</t1> С полем! Первый лед на Крайнем Севере. <g1>16+</g1> <t1>11.55</t1> С полем! Первый лед на Крайнем Севере. <g1>16+</g1> <t1>12.10</t1> Ловля микижи на Камчатке Россия 2015г. <g1>16+</g1> <t1>12.55</t1> Рыбалка в Беларуси. <g1>16+</g1> <t1>13.25</t1> На зарубежных водоемах. <g1>16+</g1> <t1>13.55</t1> Две на одного. <g1>16+</g1> <t1>14.10</t1> Экспедиции Андрея Старкова. <g1>16+</g1> <t1>14.45</t1> Охота на хищника. <g1>16+</g1> <t1>15.15</t1> Охота на хищника. <g1>16+</g1> <t1>15.40</t1> С полем! За крупным окунем с хантами. <g1>16+</g1> <t1>15.55</t1> С полем! "По щучьему веленью" на рыбалку с женой. <g1>16+</g1> <t1>16.10</t1> Пути-дороги. <g1>16+</g1> <t1>16.40</t1> Две на одного. <g1>16+</g1> <t1>17.00</t1> Рыбалка без границ. <g1>12+</g1> <t1>17.30</t1> На зарубежных водоемах. <g1>16+</g1> <t1>18.05</t1> БАгатый улов. <g1>16+</g1> <t1>18.35</t1> БАгатый улов. <g1>16+</g1> <t1>19.15</t1> С Нормундом по водоемам Беларуси. <g1>16+</g1> <t1>19.45</t1> Рождение клинка. <g1>16+</g1> <t1>20.20</t1> Утиные истории. <g1>16+</g1> <t1>20.50</t1> Будет клево. <g1>16+</g1> <t1>21.20</t1> Рыбалка без границ. <g1>12+</g1> <t1>21.50</t1> На зарубежных водоемах. <g1>16+</g1> <t1>22.20</t1> Зубастая рыбалка. <g1>16+</g1> <t1>22.50</t1> Зубастая рыбалка. <g1>16+</g1> <t1>23.25</t1> Шары Нижнепечорья. <g1>16+</g1> <t1>23.55</t1> Егерский кордон. <g1>16+</g1> <t1>00.20</t1> Охота с Евгением Шеляпиным на кабана с лайками и арбалетом. <g1>16+</g1> <t1>00.45</t1> Рыбалка в Беларуси. <g1>16+</g1> <t1>01.10</t1> На зарубежных водоемах. <g1>16+</g1> <t1>01.35</t1> Такса: история породы с Алексеем Бариновым. <g1>12+</g1> <t1>02.05</t1> С полем! Ненцы и рыба. <g1>16+</g1> <t1>02.15</t1> Ловись, рыбка. <g1>16+</g1> <t1>02.40</t1> Ловись, рыбка. <g1>16+</g1> <t1>03.05</t1> Экспедиции Андрея Старкова. <g1>16+</g1> <t1>03.35</t1> На охотничьей тропе. <g1>16+</g1> <t1>04.00</t1> Капризная форель. <g1>16+</g1> <t1>04.25</t1> Охота с луком. <g1>16+</g1> <t1>04.55</t1> Охотничье оружие. <g1>16+</g1> <t1>05.10</t1> На зарубежных водоемах. <g1>16+</g1> <t1>05.35</t1> На охотничьей тропе с Сергеем Астаховым. <g1>16+</g1>

<h1>Ретро</h1>
<t1>06.30</t1> Повесть о чекисте. <g1>16+</g1> <t1>07.55</t1> Верное средство. <g1>16+</g1> <t1>08.05</t1> Приходи на каток. <g1>16+</g1> <t1>08.15</t1> Серебряное копытце. <g1>16+</g1> <t1>08.30</t1> Бабушкин зонтик. <g1>16+</g1> <t1>08.40</t1> Муравьишка-хвастунишка. <g1>0+</g1> <t1>08.55</t1> Культпоход в театр. <g1>16+</g1> <t1>10.35</t1> Деревья на асфальте. <g1>16+</g1> <t1>12.05</t1> Бременские музыканты. <g1>16+</g1> <t1>12.25</t1> По следам бременских музыкантов. <g1>16+</g1> <t1>12.45</t1> Муха-Цокотуха. <g1>16+</g1> <t1>12.50</t1> Алые паруса. <g1>16+</g1> <t1>13.00</t1> Граф Монте-Кристо. <g1>16+</g1> <t1>16.05</t1> Весенняя сказка. <g1>12+</g1> <t1>17.30</t1> Повесть о чекисте. <g1>16+</g1> <t1>19.05</t1> Назначаешься внучкой. <t1>20.15</t1> Назначаешься внучкой. <t1>21.35</t1> Культпоход в театр. <g1>16+</g1> <t1>23.10</t1> Деревья на асфальте. <g1>16+</g1> <t1>00.30</t1> Назначаешься внучкой. <t1>01.35</t1> Назначаешься внучкой. <t1>02.45</t1> Сказка о мертвой царевне и о семи богатырях. <g1>6+</g1> <t1>03.15</t1> Сказка о царе Салтане. <g1>16+</g1> <t1>04.10</t1> Верное средство. <g1>16+</g1> <t1>04.20</t1> Приходи на каток. <g1>16+</g1> <t1>04.30</t1> Серебряное копытце. <g1>16+</g1> <t1>04.40</t1> Бабушкин зонтик. <g1>16+</g1> <t1>04.50</t1> Муравьишка-хвастунишка. <g1>0+</g1> <t1>05.05</t1> Граф Монте-Кристо. <g1>16+</g1>

<h1>Мир</h1>
<t1>05.00</t1> <m1>"Волга-Волга"</m1>. Художественный фильм. <g1>16+</g1> <t1>05.05</t1> <m1>"Легенды о Круге"</m1>. Телесериал. <g1>16+</g1> <t1>06.00</t1> Новости. <t1>06.15</t1> <m1>"Легенды о Круге"</m1>. Телесериал. <g1>16+</g1> <t1>08.40</t1> <m1>"В зоне особого внимания"</m1>. Художественный фильм. <g1>16+</g1> <t1>10.00</t1> Новости. <t1>10.10</t1> <m1>"В зоне особого внимания"</m1>. Художественный фильм. <g1>16+</g1> <t1>10.45</t1> <m1>"Ответный ход"</m1>. Художественный фильм. <g1>16+</g1> <t1>12.30</t1> "Дела судебные. Новые истории". <g1>16+</g1> <t1>13.00</t1> Новости. <t1>13.15</t1> "Мировое соглашение". <g1>16+</g1> <t1>14.10</t1> "Дела судебные. Битва за будущее". <g1>16+</g1> <t1>15.05</t1> "Дела судебные. Новые истории". <g1>16+</g1> <t1>16.00</t1> Новости. <t1>16.15</t1> "Дела судебные. Яблоко раздора". <g1>16+</g1> <t1>18.00</t1> Новости. <t1>18.15</t1> "Дела судебные. Яблоко раздора". <g1>16+</g1> <t1>18.40</t1> "Дела судебные. Деньги верните!" <g1>16+</g1> <t1>19.35</t1> Телевикторина "Миллион за 5 минут". <g1>16+</g1> <t1>20.55</t1> Телевикторина "Игра в кино". <g1>16+</g1> <t1>22.25</t1> Телевикторина "Игра в кино. Мультфильмы". <g1>16+</g1> <t1>23.10</t1> <m1>"Отставной козы барабанщик"</m1>. Художественный фильм. <g1>16+</g1> <t1>00.45</t1> "Рожденные в СССР". <g1>16+</g1> <t1>01.15</t1> Первый Евразийский канал. <g1>12+</g1> <t1>02.10</t1> "Наше кино. История большой любви". <g1>16+</g1> <t1>02.35</t1> <m1>"Светлый путь"</m1>. Художественный фильм. <g1>16+</g1> <t1>04.10</t1> <m1>"Смерть шпионам"</m1>. Телесериал. <g1>16+</g1>

<h1>Пятница</h1>
<t1>05.00</t1> "Секреты на кухне". Консервы. <g1>16+</g1> <t1>05.50</t1> "Пятница News". <g1>16+</g1> <t1>06.20</t1> "Зовите шефа". Муром. Точка. <g1>16+</g1> <t1>07.00</t1> "Зовите шефа". Сочи. Toni Vecher. <g1>16+</g1> <t1>08.00</t1> "Четыре дачи". Краснодарский край. <g1>16+</g1> <t1>09.20</t1> "Четыре дачи". Воронежская область. <g1>16+</g1> <t1>11.10</t1> "Адский шеф". <g1>16+</g1> <t1>14.40</t1> "Битва шефов". <g1>16+</g1> <t1>16.30</t1> "Битва шефов". <g1>16+</g1> <t1>19.00</t1> "Домохозяйки против шефов: Битва за вкус". Домохозяйки против шефов. <g1>16+</g1> <t1>20.40</t1> "Битва шефов". <g1>16+</g1> <t1>22.40</t1> "Король десертов. Кубок Агзамова". <g1>16+</g1> <t1>00.10</t1> "Самородки". Юрий Стоянов и Ида Галич. <g1>16+</g1> <t1>01.50</t1> "Пятница News". <g1>16+</g1> <t1>02.10</t1> "Поющий офис". Кострома. <g1>16+</g1> <t1>03.10</t1> "Пробный переезд". Камчатка. <g1>16+</g1> <t1>04.00</t1> "Секреты на кухне". Дача. <g1>16+</g1> <t1>04.40</t1> "Пятница News". <g1>16+</g1>
</пн>
<вт><h1>Звезда</h1>
<t1>05.10</t1> <m1>"Ночные ласточки"</m1>. Телесериал. <g1>16+</g1> <t1>07.00</t1> "Сегодня утром". <g1>12+</g1> <t1>09.00</t1> Новости дня. <g1>16+</g1> <t1>09.15</t1> "Открытый эфир". Ток-шоу. <g1>16+</g1> <t1>11.00</t1> "Специальный репортаж". <g1>16+</g1> <t1>11.15</t1> <m1>"Свой среди чужих, чужой среди своих"</m1>. Художественный фильм. <g1>12+</g1> <t1>13.00</t1> Новости дня. <g1>16+</g1> <t1>13.25</t1> <m1>"Свой среди чужих, чужой среди своих"</m1>. Художественный фильм. <g1>12+</g1> <t1>13.55</t1> <m1>"Ночные ласточки"</m1>. Телесериал. <g1>16+</g1> <t1>15.00</t1> Военные новости. <g1>16+</g1> <t1>15.05</t1> <m1>"Ночные ласточки"</m1>. Телесериал. <g1>16+</g1> <t1>17.00</t1> Новости дня. <g1>16+</g1> <t1>17.15</t1> <m1>"Ночные ласточки"</m1>. Телесериал. <g1>16+</g1> <t1>18.50</t1> "Специальный репортаж". <g1>16+</g1> <t1>19.00</t1> Новости дня. <g1>16+</g1> <t1>19.55</t1> "По горячим следам". <g1>16+</g1> <t1>20.10</t1> "Улика из прошлого". "Невостребованные трофеи. Дело о захваченной технике". (Со скрытыми субтитрами). <g1>16+</g1> <t1>21.00</t1> "Открытый эфир". Ток-шоу. <g1>16+</g1> <t1>22.45</t1> "Между тем" с Наталией Метлиной. <g1>12+</g1> <t1>23.15</t1> <m1>"Адъютант его превосходительства"</m1>. Телесериал. <g1>12+</g1> <t1>01.05</t1> <m1>"Свой среди чужих, чужой среди своих"</m1>. Художественный фильм. <g1>12+</g1> <t1>02.35</t1> "Уроки Донбасса". <g1>16+</g1> <t1>03.15</t1> "Москва - фронту". <g1>16+</g1> <t1>03.35</t1> <m1>"Ночные ласточки"</m1>. Телесериал. <g1>16+</g1>

<h1>Че</h1>
<t1>06.00</t1> "Солдаты-13". Комедийный сериал. <g1>16+</g1> <t1>08.10</t1> "Улетное видео". <g1>16+</g1> <t1>11.00</t1> "Решала". <g1>16+</g1> <t1>13.00</t1> "Найди по ID". <g1>16+</g1> <t1>15.00</t1> "Решала". <g1>16+</g1> <t1>18.00</t1> "Притворщики". <g1>16+</g1> <t1>21.00</t1> "Охотники". <g1>16+</g1> <t1>23.00</t1> "Опасные связи". <g1>18+</g1> <t1>02.40</t1> "+100500". <g1>16+</g1> <t1>05.45</t1> "Солдаты-13". Комедийный сериал. <g1>16+</g1>

<h1>Охота и рыбалка</h1>
<t1>06.00</t1> Охотничье оружие. <g1>16+</g1> <t1>06.15</t1> Давай зарубимся! <g1>12+</g1> <t1>06.35</t1> От первого лица. <g1>12+</g1> <t1>07.05</t1> С полем! Первый лед на Крайнем Севере. <g1>16+</g1> <t1>07.20</t1> С полем! Первый лед на Крайнем Севере. <g1>16+</g1> <t1>07.30</t1> Ловля микижи на Камчатке Россия 2015г. <g1>16+</g1> <t1>08.10</t1> Рыбалка в Беларуси. <g1>16+</g1> <t1>08.40</t1> На зарубежных водоемах. <g1>16+</g1> <t1>09.10</t1> Две на одного. <g1>16+</g1> <t1>09.25</t1> Экспедиции Андрея Старкова. <g1>16+</g1> <t1>09.55</t1> Охота на хищника. <g1>16+</g1> <t1>10.25</t1> Охота на хищника. <g1>16+</g1> <t1>11.00</t1> Зубастая рыбалка. <g1>16+</g1> <t1>11.35</t1> С полем! За крупным окунем с хантами. <g1>16+</g1> <t1>11.50</t1> С полем! "По щучьему веленью" на рыбалку с женой. <g1>16+</g1> <t1>12.05</t1> Пути-дороги. <g1>16+</g1> <t1>12.35</t1> Рыбалка без границ. <g1>12+</g1> <t1>13.10</t1> На зарубежных водоемах. <g1>16+</g1> <t1>13.40</t1> БАгатый улов. <g1>16+</g1> <t1>14.20</t1> БАгатый улов. <g1>16+</g1> <t1>14.55</t1> С Нормундом по водоемам Беларуси. <g1>16+</g1> <t1>15.25</t1> Рождение клинка. <g1>16+</g1> <t1>16.00</t1> Утиные истории. <g1>16+</g1> <t1>16.25</t1> Будет клево. <g1>16+</g1> <t1>17.00</t1> Рыбалка без границ. <g1>12+</g1> <t1>17.30</t1> На зарубежных водоемах. <g1>16+</g1> <t1>18.05</t1> Зубастая рыбалка. <g1>16+</g1> <t1>18.30</t1> Зубастая рыбалка. <g1>16+</g1> <t1>19.05</t1> Шары Нижнепечорья. <g1>16+</g1> <t1>19.35</t1> Егерский кордон. <g1>16+</g1> <t1>20.10</t1> Пофестивалим! <g1>16+</g1> <t1>20.40</t1> Охота с Евгением Шеляпиным на кабана с луком. <g1>16+</g1> <t1>21.10</t1> Рыбалка в Беларуси. <g1>16+</g1> <t1>21.40</t1> На зарубежных водоемах. <g1>16+</g1> <t1>22.15</t1> Ловись, рыбка. <g1>16+</g1> <t1>22.40</t1> Ловись, рыбка. <g1>16+</g1> <t1>23.10</t1> Экспедиции Андрея Старкова. <g1>16+</g1> <t1>23.40</t1> На охотничьей тропе. <g1>16+</g1> <t1>00.10</t1> Капризная форель. <g1>16+</g1> <t1>00.35</t1> Охота с луком. <g1>16+</g1> <t1>01.05</t1> На зарубежных водоемах. <g1>16+</g1> <t1>01.30</t1> Рыболовные путешествия. <g1>16+</g1> <t1>01.55</t1> Карпфишеры. <g1>16+</g1> <t1>02.25</t1> Рыбалка на Горьковском водохранилище Россия 2013г. <g1>16+</g1> <t1>03.00</t1> С полем! Промысел ряпушки на Крайнем Севере. <g1>16+</g1> <t1>03.15</t1> Давай зарубимся! <g1>12+</g1> <t1>03.35</t1> От первого лица. <g1>12+</g1> <t1>04.05</t1> С полем! Первый лед на Крайнем Севере. <g1>16+</g1> <t1>04.20</t1> С полем! Первый лед на Крайнем Севере. <g1>16+</g1> <t1>04.30</t1> Ловля микижи на Камчатке Россия 2015г. <g1>16+</g1> <t1>05.10</t1> Рыбалка в Беларуси. <g1>16+</g1> <t1>05.35</t1> На зарубежных водоемах. <g1>16+</g1>

<h1>Ретро</h1>
<t1>08.05</t1> Сказка о царе Салтане. <g1>16+</g1> <t1>09.00</t1> Весенняя сказка. <g1>12+</g1> <t1>10.30</t1> Повесть о чекисте. <g1>16+</g1> <t1>12.05</t1> Верное средство. <g1>16+</g1> <t1>12.15</t1> Приходи на каток. <g1>16+</g1> <t1>12.25</t1> Серебряное копытце. <g1>16+</g1> <t1>12.35</t1> Бабушкин зонтик. <g1>16+</g1> <t1>12.45</t1> Муравьишка-хвастунишка. <g1>0+</g1> <t1>13.05</t1> Назначаешься внучкой. <t1>14.20</t1> Назначаешься внучкой. <t1>15.40</t1> Граф Монте-Кристо. <g1>16+</g1> <t1>19.00</t1> Большой трамплин. <g1>16+</g1> <t1>20.25</t1> Двое на острове слез. <g1>16+</g1> <t1>22.00</t1> Весенняя сказка. <g1>12+</g1> <t1>23.30</t1> Повесть о чекисте. <g1>16+</g1> <t1>00.55</t1> Большой трамплин. <g1>16+</g1> <t1>02.10</t1> Двое на острове слез. <g1>16+</g1> <t1>03.40</t1> Чудесный колокольчик. <g1>6+</g1> <t1>04.00</t1> Непослушный котенок. <g1>6+</g1> <t1>04.10</t1> Маугли. <g1>16+</g1> <t1>05.45</t1> Назначаешься внучкой.

<h1>Мир</h1>
<t1>05.00</t1> <m1>"Смерть шпионам"</m1>. Телесериал. <g1>16+</g1> <t1>06.00</t1> Новости. <t1>06.15</t1> <m1>"Смерть шпионам"</m1>. Телесериал. <g1>16+</g1> <t1>10.00</t1> Новости. <t1>10.10</t1> <m1>"Смерть шпионам"</m1>. Телесериал. <g1>16+</g1> <t1>12.30</t1> "Дела судебные. Новые истории". <g1>16+</g1> <t1>13.00</t1> Новости. <t1>13.15</t1> "Мировое соглашение". <g1>16+</g1> <t1>14.10</t1> "Дела судебные. Битва за будущее". <g1>16+</g1> <t1>15.05</t1> "Дела судебные. Новые истории". <g1>16+</g1> <t1>16.00</t1> Новости. <t1>16.15</t1> "Дела судебные. Яблоко раздора". <g1>16+</g1> <t1>18.00</t1> Новости. <t1>18.15</t1> "Дела судебные. Яблоко раздора". <g1>16+</g1> <t1>18.40</t1> "Дела судебные. Деньги верните!" <g1>16+</g1> <t1>19.35</t1> Телевикторина "Миллион за 5 минут". <g1>16+</g1> <t1>20.55</t1> Телевикторина "Игра в кино". <g1>16+</g1> <t1>22.25</t1> Телевикторина "Игра в кино. Мультфильмы". <g1>16+</g1> <t1>23.10</t1> <m1>"Раз на раз не приходится"</m1>. Художественный фильм. <g1>16+</g1> <t1>00.45</t1> "Рожденные в СССР". <g1>16+</g1> <t1>01.15</t1> Первый Евразийский канал. <g1>12+</g1> <t1>02.10</t1> "Наше кино. История большой любви". <g1>16+</g1> <t1>02.35</t1> <m1>"Сельская учительница"</m1>. Художественный фильм. <g1>16+</g1> <t1>04.15</t1> <m1>"Ялта-45"</m1>. Телесериал. <g1>16+</g1>

<h1>Пятница</h1>
<t1>05.00</t1> "Секреты на кухне". Готовит Ольга Бузова. <g1>16+</g1> <t1>05.50</t1> "Пятница News". <g1>16+</g1> <t1>06.20</t1> "Зовите шефа". Сочи. У Ра. <g1>16+</g1> <t1>07.00</t1> "Зовите шефа". Сочи. Этолето. <g1>16+</g1> <t1>08.00</t1> "Четыре дачи". Московская область. <g1>16+</g1> <t1>09.30</t1> "Четыре дачи". Московская область 2. <g1>16+</g1> <t1>11.10</t1> "Адский шеф". <g1>16+</g1> <t1>14.10</t1> "Черный список". Мастера по установке домофонов. <g1>16+</g1> <t1>15.10</t1> "Черный список". Монтаж натяжных потолков. <g1>16+</g1> <t1>16.10</t1> "Черный список". Услуги по переезду. <g1>16+</g1> <t1>17.10</t1> "Черный список. На кухне". Ростов-на-Дону. Живаго. <g1>16+</g1> <t1>18.10</t1> "Черный список. На кухне". Воронеж. Мишка. <g1>16+</g1> <t1>19.00</t1> "Черный список". Клининг. <g1>16+</g1> <t1>20.00</t1> "Черный список". Услуги по мытью окон. <g1>16+</g1> <t1>21.00</t1> "Черный список". Специалисты по уходу за животными. <g1>16+</g1> <t1>22.00</t1> "Новый Ревизорро". Эзотерики. <g1>16+</g1> <t1>23.20</t1> "Мистер Х". <g1>16+</g1> <t1>00.50</t1> "Пятница News". <g1>16+</g1> <t1>01.10</t1> "Поющий офис". Нижний Новгород. <g1>16+</g1> <t1>02.10</t1> "Поющий офис". Рязань. <g1>16+</g1> <t1>03.10</t1> "Пробный переезд". Южно-Сахалинск. <g1>16+</g1> <t1>03.50</t1> "Секреты на кухне". Тыква. <g1>16+</g1> <t1>04.40</t1> "Пятница News". <g1>16+</g1>
</вт>
<ср><h1>Звезда</h1>
<t1>05.10</t1> <m1>"Ночные ласточки"</m1>. Телесериал. <g1>16+</g1> <t1>07.00</t1> "Сегодня утром". <g1>12+</g1> <t1>09.00</t1> Новости дня. <g1>16+</g1> <t1>09.15</t1> "Открытый эфир". Ток-шоу. <g1>16+</g1> <t1>11.00</t1> "Специальный репортаж". <g1>16+</g1> <t1>11.15</t1> "По горячим следам". <g1>16+</g1> <t1>11.35</t1> <m1>"КРАСНЫЕ ГОРЫ"</m1>. Телесериал. <g1>16+</g1> <t1>13.00</t1> Новости дня. <g1>16+</g1> <t1>13.25</t1> <m1>"КРАСНЫЕ ГОРЫ"</m1>. Телесериал. <g1>16+</g1> <t1>15.00</t1> Военные новости. <g1>16+</g1> <t1>15.05</t1> <m1>"КРАСНЫЕ ГОРЫ"</m1>. Телесериал. <g1>16+</g1> <t1>17.00</t1> Новости дня. <g1>16+</g1> <t1>17.15</t1> <m1>"КРАСНЫЕ ГОРЫ"</m1>. Телесериал. <g1>16+</g1> <t1>18.50</t1> "Специальный репортаж". <g1>16+</g1> <t1>19.00</t1> Новости дня. <g1>16+</g1> <t1>19.55</t1> "По горячим следам". <g1>16+</g1> <t1>20.10</t1> "Секретные материалы". <g1>16+</g1> <t1>21.00</t1> "Открытый эфир". Ток-шоу. <g1>16+</g1> <t1>22.45</t1> "Между тем" с Наталией Метлиной. <g1>12+</g1> <t1>23.15</t1> <m1>"Адъютант его превосходительства"</m1>. Телесериал. <g1>12+</g1> <t1>01.00</t1> <m1>"ЧЕРНЫЙ ОКЕАН"</m1>. Художественный фильм. <g1>16+</g1> <t1>02.10</t1> "Уроки Донбасса". <g1>16+</g1> <t1>02.55</t1> "Перелом. Хроника Победы". <g1>16+</g1> <t1>03.25</t1> <m1>"КУМИР"</m1>. Телесериал. <g1>16+</g1>

<h1>Че</h1>
<t1>06.00</t1> "Солдаты-13". Комедийный сериал. <g1>16+</g1> <t1>08.10</t1> "Улетное видео". <g1>16+</g1> <t1>11.00</t1> "Решала". <g1>16+</g1> <t1>13.00</t1> "Найди по ID". <g1>16+</g1> <t1>15.00</t1> "Решала". <g1>16+</g1> <t1>18.00</t1> "Притворщики". <g1>16+</g1> <t1>21.00</t1> "Охотники". <g1>16+</g1> <t1>23.00</t1> "Опасные связи". <g1>18+</g1> <t1>02.40</t1> "+100500". <g1>16+</g1> <t1>05.45</t1> "Солдаты-13". Комедийный сериал. <g1>16+</g1>

<h1>Охота и рыбалка</h1>
<t1>06.00</t1> Две на одного. <g1>16+</g1> <t1>06.15</t1> Две на одного. <g1>16+</g1> <t1>06.30</t1> Охота на хищника. <g1>16+</g1> <t1>06.55</t1> Охота на хищника. <g1>16+</g1> <t1>07.20</t1> С полем! За крупным окунем с хантами. <g1>16+</g1> <t1>07.30</t1> С полем! "По щучьему веленью" на рыбалку с женой. <g1>16+</g1> <t1>07.45</t1> Пути-дороги. <g1>16+</g1> <t1>08.20</t1> Рыбалка без границ. <g1>12+</g1> <t1>08.50</t1> На зарубежных водоемах. <g1>16+</g1> <t1>09.20</t1> БАгатый улов. <g1>16+</g1> <t1>10.00</t1> БАгатый улов. <g1>16+</g1> <t1>10.35</t1> С Нормундом по водоемам Беларуси. <g1>16+</g1> <t1>11.10</t1> Рождение клинка. <g1>16+</g1> <t1>11.40</t1> Утиные истории. <g1>16+</g1> <t1>12.10</t1> Будет клево. <g1>16+</g1> <t1>12.40</t1> Рыбалка без границ. <g1>12+</g1> <t1>13.15</t1> На зарубежных водоемах. <g1>16+</g1> <t1>13.45</t1> Зубастая рыбалка. <g1>16+</g1> <t1>14.20</t1> Зубастая рыбалка. <g1>16+</g1> <t1>14.55</t1> Шары Нижнепечорья. <g1>16+</g1> <t1>15.25</t1> Егерский кордон. <g1>16+</g1> <t1>15.55</t1> Пофестивалим! <g1>16+</g1> <t1>16.25</t1> Охота с Евгением Шеляпиным на кабана с луком. <g1>16+</g1> <t1>17.00</t1> Рыбалка в Беларуси. <g1>16+</g1> <t1>17.30</t1> На зарубежных водоемах. <g1>16+</g1> <t1>18.00</t1> Ловись, рыбка. <g1>16+</g1> <t1>18.30</t1> Ловись, рыбка. <g1>16+</g1> <t1>19.00</t1> С Нормундом по водоемам Беларуси. <g1>16+</g1> <t1>19.30</t1> Сезон охоты. <g1>16+</g1> <t1>20.05</t1> Соблазняя летнего голавля. <g1>16+</g1> <t1>20.35</t1> Охота с луком. <g1>16+</g1> <t1>21.10</t1> Охотничье оружие. <g1>16+</g1> <t1>21.25</t1> На зарубежных водоемах. <g1>16+</g1> <t1>21.55</t1> Рыболовные путешествия. <g1>16+</g1> <t1>22.25</t1> Карпфишеры. <g1>16+</g1> <t1>22.55</t1> Давай зарубимся! <g1>12+</g1> <t1>23.20</t1> От первого лица. <g1>12+</g1> <t1>23.55</t1> С полем! Первый лед на Крайнем Севере. <g1>16+</g1> <t1>00.05</t1> С полем! Первый лед на Крайнем Севере. <g1>16+</g1> <t1>00.20</t1> Ловля микижи на Камчатке Россия 2015г. <g1>16+</g1> <t1>00.55</t1> Рыбалка в Беларуси. <g1>16+</g1> <t1>01.20</t1> На зарубежных водоемах. <g1>16+</g1> <t1>01.45</t1> Карпфишеры. <g1>16+</g1> <t1>02.15</t1> На охотничьей тропе. <g1>16+</g1> <t1>02.40</t1> Две на одного. <g1>16+</g1> <t1>02.55</t1> Экспедиции Андрея Старкова. <g1>16+</g1> <t1>03.20</t1> Охота на хищника. <g1>16+</g1> <t1>03.45</t1> Охота на хищника. <g1>16+</g1> <t1>04.10</t1> С полем! За крупным окунем с хантами. <g1>16+</g1> <t1>04.25</t1> С полем! "По щучьему веленью" на рыбалку с женой. <g1>16+</g1> <t1>04.35</t1> Пути-дороги. <g1>16+</g1> <t1>05.05</t1> Рыбалка без границ. <g1>12+</g1> <t1>05.35</t1> На зарубежных водоемах. <g1>16+</g1>

<h1>Ретро</h1>
<t1>06.45</t1> Назначаешься внучкой. <t1>08.00</t1> Баранкин, будь человеком! <g1>16+</g1> <t1>08.20</t1> Таракан. <g1>16+</g1> <t1>08.30</t1> Волк и теленок. <g1>16+</g1> <t1>08.45</t1> Лягушка-путешественница. <g1>16+</g1> <t1>09.05</t1> Граф Монте-Кристо. <g1>16+</g1> <t1>12.25</t1> Сказка о царе Салтане. <g1>16+</g1> <t1>13.20</t1> Большой трамплин. <g1>16+</g1> <t1>14.45</t1> Двое на острове слез. <g1>16+</g1> <t1>16.25</t1> Назначаешься внучкой. <t1>17.40</t1> Назначаешься внучкой. <t1>19.00</t1> Женские радости и печали. <g1>16+</g1> <t1>20.35</t1> Жажда. <g1>16+</g1> <t1>22.00</t1> Пламя. <g1>16+</g1> <t1>00.35</t1> Весенняя сказка. <g1>12+</g1> <t1>01.55</t1> Жажда. <g1>16+</g1> <t1>03.10</t1> Цветик-cемицвeтик. <g1>6+</g1> <t1>03.30</t1> Серая шейка. <g1>0+</g1> <t1>03.50</t1> Баранкин, будь человеком! <g1>16+</g1> <t1>04.10</t1> Таракан. <g1>16+</g1> <t1>04.20</t1> Волк и теленок. <g1>16+</g1> <t1>04.30</t1> Лягушка-путешественница. <g1>16+</g1> <t1>04.50</t1> Крeпыш. <g1>6+</g1> <t1>05.10</t1> Большой трамплин. <g1>16+</g1>

<h1>Мир</h1>
<t1>05.00</t1> <m1>"Ялта-45"</m1>. Телесериал. <g1>16+</g1> <t1>06.00</t1> Новости. <t1>06.15</t1> <m1>"Ялта-45"</m1>. Телесериал. <g1>16+</g1> <t1>07.55</t1> <m1>"Смерть шпионам: Скрытый враг"</m1>. Телесериал. <g1>16+</g1> <t1>10.00</t1> Новости. <t1>10.10</t1> <m1>"Смерть шпионам: Скрытый враг"</m1>. Телесериал. <g1>16+</g1> <t1>12.30</t1> "Дела судебные. Новые истории". <g1>16+</g1> <t1>13.00</t1> Новости. <t1>13.15</t1> "Мировое соглашение". <g1>16+</g1> <t1>14.10</t1> "Дела судебные. Битва за будущее". <g1>16+</g1> <t1>15.05</t1> "Дела судебные. Новые истории". <g1>16+</g1> <t1>16.00</t1> Новости. <t1>16.15</t1> "Дела судебные. Яблоко раздора". <g1>16+</g1> <t1>18.00</t1> Новости. <t1>18.15</t1> "Дела судебные. Яблоко раздора". <g1>16+</g1> <t1>18.40</t1> "Дела судебные. Деньги верните!" <g1>16+</g1> <t1>19.35</t1> Телевикторина "Миллион за 5 минут". <g1>16+</g1> <t1>20.55</t1> Телевикторина "Игра в кино". <g1>16+</g1> <t1>22.25</t1> Телевикторина "Игра в кино. Мультфильмы". <g1>16+</g1> <t1>23.10</t1> <m1>"Вий"</m1>. Художественный фильм. <g1>16+</g1> <t1>00.45</t1> "Рожденные в СССР". <g1>16+</g1> <t1>01.15</t1> Первый Евразийский канал. <g1>12+</g1> <t1>02.20</t1> "Наше кино. История большой любви". <g1>16+</g1> <t1>02.45</t1> <m1>"Кащей бессмертный"</m1>. Художественный фильм. <g1>12+</g1> <t1>03.50</t1> <m1>"Василиса Прекрасная"</m1>. Художественный фильм. <g1>6+</g1>

<h1>Пятница</h1>
<t1>05.00</t1> "Секреты на кухне". Готовит Валентина Рубцова. <g1>16+</g1> <t1>06.00</t1> "Пятница News". <g1>16+</g1> <t1>06.20</t1> "Зовите шефа". Адлер. Хитрый шпрот. <g1>16+</g1> <t1>07.10</t1> "Зовите шефа". Зеленоград. Анкор. <g1>16+</g1> <t1>08.00</t1> "Четыре дачи". Московская область 3. <g1>16+</g1> <t1>09.40</t1> "Четыре дачи". Саратовская область. <g1>16+</g1> <t1>11.20</t1> "Адский шеф". <g1>16+</g1> <t1>14.20</t1> "Битва шефов". <g1>16+</g1> <t1>16.30</t1> "Битва шефов". <g1>16+</g1> <t1>19.00</t1> "Молодые ножи". Итальянская классика. <g1>16+</g1> <t1>20.10</t1> "Черный список. На кухне". Воронеж. Sazerac. <g1>16+</g1> <t1>21.20</t1> "Черный список. На кухне". Воронеж. Мишка. <g1>16+</g1> <t1>22.20</t1> "Черный список. На кухне". Ростов-на-Дону. Живаго. <g1>16+</g1> <t1>23.10</t1> "Мистер Х". Финал. <g1>16+</g1> <t1>01.40</t1> "Пятница News". <g1>16+</g1> <t1>02.10</t1> "Поющий офис". Вологда. <g1>16+</g1> <t1>03.10</t1> "Пробный переезд". Хабаровск. <g1>16+</g1> <t1>03.40</t1> "Секреты на кухне". Готовит Глюкоза. <g1>16+</g1> <t1>04.40</t1> "Пятница News". <g1>16+</g1>
</ср>
<чт><h1>Звезда</h1>
<t1>05.05</t1> <m1>"КУМИР"</m1>. Телесериал. <g1>16+</g1> <t1>07.00</t1> "Сегодня утром". <g1>12+</g1> <t1>09.00</t1> Новости дня. <g1>16+</g1> <t1>09.15</t1> "Открытый эфир". Ток-шоу. <g1>16+</g1> <t1>11.00</t1> "Специальный репортаж". <g1>16+</g1> <t1>11.15</t1> "По горячим следам". <g1>16+</g1> <t1>11.35</t1> <m1>"КРАСНЫЕ ГОРЫ"</m1>. Телесериал. <g1>16+</g1> <t1>13.00</t1> Новости дня. <g1>16+</g1> <t1>13.25</t1> <m1>"КРАСНЫЕ ГОРЫ"</m1>. Телесериал. <g1>16+</g1> <t1>15.00</t1> Военные новости. <g1>16+</g1> <t1>15.05</t1> <m1>"КРАСНЫЕ ГОРЫ"</m1>. Телесериал. <g1>16+</g1> <t1>17.00</t1> Новости дня. <g1>16+</g1> <t1>17.15</t1> <m1>"КРАСНЫЕ ГОРЫ"</m1>. Телесериал. <g1>16+</g1> <t1>18.50</t1> "Специальный репортаж". <g1>16+</g1> <t1>19.00</t1> Новости дня. <g1>16+</g1> <t1>19.55</t1> "По горячим следам". <g1>16+</g1> <t1>20.10</t1> "Код доступа". "Война Трампа с USAID: как работала "фабрика" компромата?" <g1>12+</g1> <t1>21.00</t1> "Открытый эфир". Ток-шоу. <g1>16+</g1> <t1>22.45</t1> "Между тем" с Наталией Метлиной. <g1>12+</g1> <t1>23.15</t1> <m1>"Адъютант его превосходительства"</m1>. Телесериал. <g1>12+</g1> <t1>02.05</t1> <m1>"Под каменным небом"</m1>. Художественный фильм. <g1>12+</g1> <t1>03.30</t1> "Уроки Донбасса". <g1>16+</g1> <t1>04.10</t1> "Москва - фронту". <g1>16+</g1> <t1>04.30</t1> <m1>"КУМИР"</m1>. Телесериал. <g1>16+</g1>

<h1>Че</h1>
<t1>06.00</t1> "Солдаты-13". Комедийный сериал. <g1>16+</g1> <t1>08.10</t1> "Улетное видео". <g1>16+</g1> <t1>11.00</t1> "Решала". <g1>16+</g1> <t1>13.00</t1> "Найди по ID". <g1>16+</g1> <t1>15.00</t1> "Решала". <g1>16+</g1> <t1>18.00</t1> "Притворщики". <g1>16+</g1> <t1>21.00</t1> "Охотники". <g1>16+</g1> <t1>23.00</t1> "Опасные связи". <g1>18+</g1> <t1>02.40</t1> "+100500". <g1>16+</g1> <t1>05.45</t1> "Солдаты-13". Комедийный сериал. <g1>16+</g1>

<h1>Охота и рыбалка</h1>
<t1>06.00</t1> БАгатый улов. <g1>16+</g1> <t1>06.30</t1> БАгатый улов. <g1>16+</g1> <t1>07.05</t1> С Нормундом по водоемам Беларуси. <g1>16+</g1> <t1>07.30</t1> Утиные истории. <g1>16+</g1> <t1>08.05</t1> Будет клево. <g1>16+</g1> <t1>08.35</t1> Рыбалка без границ. <g1>12+</g1> <t1>09.10</t1> На зарубежных водоемах. <g1>16+</g1> <t1>09.40</t1> Зубастая рыбалка. <g1>16+</g1> <t1>10.10</t1> Зубастая рыбалка. <g1>16+</g1> <t1>10.40</t1> Шары Нижнепечорья. <g1>16+</g1> <t1>11.15</t1> Егерский кордон. <g1>16+</g1> <t1>11.50</t1> Пофестивалим! <g1>16+</g1> <t1>12.20</t1> Охота с Евгением Шеляпиным на кабана с луком. <g1>16+</g1> <t1>12.50</t1> Рыбалка в Беларуси. <g1>16+</g1> <t1>13.20</t1> На зарубежных водоемах. <g1>16+</g1> <t1>13.55</t1> Ловись, рыбка. <g1>16+</g1> <t1>14.25</t1> Ловись, рыбка. <g1>16+</g1> <t1>14.55</t1> С Нормундом по водоемам Беларуси. <g1>16+</g1> <t1>15.20</t1> Сезон охоты. <g1>16+</g1> <t1>15.55</t1> Соблазняя летнего голавля. <g1>16+</g1> <t1>16.25</t1> Охота с луком. <g1>16+</g1> <t1>17.00</t1> О главном. <g1>16+</g1> <t1>17.05</t1> Охотничье оружие. <g1>16+</g1> <t1>17.20</t1> На зарубежных водоемах. <g1>16+</g1> <t1>17.50</t1> Рыболовные путешествия. <g1>16+</g1> <t1>18.20</t1> Спиннинг на камских просторах. <g1>12+</g1> <t1>18.55</t1> Давай зарубимся! <g1>12+</g1> <t1>19.20</t1> Кулинарное путешествие с Глебом Астафьевым. <g1>16+</g1> <t1>19.55</t1> С полем! "Мертвая" вода. <g1>16+</g1> <t1>20.10</t1> С полем! "Ни фи-га, пу-за-та-я!" <g1>16+</g1> <t1>20.25</t1> Апрельская ловля щуки в низовьях Волги Россия 2013г. <g1>16+</g1> <t1>21.00</t1> О главном. <g1>16+</g1> <t1>21.05</t1> Рыбалка в Беларуси. <g1>16+</g1> <t1>21.35</t1> На зарубежных водоемах. <g1>16+</g1> <t1>22.05</t1> Экспедиции Андрея Старкова. <g1>16+</g1> <t1>22.35</t1> Охота на хищника. <g1>16+</g1> <t1>23.05</t1> Охота на хищника. <g1>16+</g1> <t1>23.30</t1> С полем! За крупным окунем с хантами. <g1>16+</g1> <t1>23.45</t1> С полем! "По щучьему веленью" на рыбалку с женой. <g1>16+</g1> <t1>00.00</t1> Пути-дороги. <g1>16+</g1> <t1>00.25</t1> Будет клево. <g1>16+</g1> <t1>00.55</t1> Егерский кордон. <g1>16+</g1> <t1>01.20</t1> Рыбалка без границ. <g1>12+</g1> <t1>01.50</t1> На зарубежных водоемах. <g1>16+</g1> <t1>02.15</t1> БАгатый улов. <g1>16+</g1> <t1>02.45</t1> БАгатый улов. <g1>16+</g1> <t1>03.15</t1> О главном. <g1>16+</g1> <t1>03.20</t1> С Нормундом по водоемам Беларуси. <g1>16+</g1> <t1>03.45</t1> Рождение клинка. <g1>16+</g1> <t1>04.15</t1> Утиные истории. <g1>16+</g1> <t1>04.40</t1> Будет клево. <g1>16+</g1> <t1>05.05</t1> Рыбалка без границ. <g1>12+</g1> <t1>05.35</t1> На зарубежных водоемах. <g1>16+</g1>

<h1>Ретро</h1>
<t1>06.20</t1> Городской романс. <g1>16+</g1> <t1>08.00</t1> Доверчивый дракон. <g1>16+</g1> <t1>08.10</t1> Рикки-Тикки-Тави. <g1>16+</g1> <t1>08.35</t1> Жил-был Пес. <g1>16+</g1> <t1>08.45</t1> Дядя Степа - милиционер. <g1>16+</g1> <t1>09.10</t1> Назначаешься внучкой. <t1>10.20</t1> Назначаешься внучкой. <t1>11.40</t1> Обезьянки и грабители. <g1>16+</g1> <t1>11.45</t1> Баранкин, будь человеком! <g1>16+</g1> <t1>12.10</t1> Таракан. <g1>16+</g1> <t1>12.15</t1> Волк и теленок. <g1>16+</g1> <t1>12.30</t1> Лягушка-путешественница. <g1>16+</g1> <t1>12.50</t1> Женские радости и печали. <g1>16+</g1> <t1>14.25</t1> Жажда. <g1>16+</g1> <t1>15.50</t1> Большой трамплин. <g1>16+</g1> <t1>17.20</t1> Двое на острове слез. <g1>16+</g1> <t1>19.00</t1> Дежа вю. <g1>16+</g1> <t1>20.55</t1> Я - Хортица. <g1>16+</g1> <t1>22.05</t1> Назначаешься внучкой. <t1>23.15</t1> Назначаешься внучкой. <t1>00.30</t1> Дежа вю. <g1>16+</g1> <t1>02.10</t1> Я - Хортица. <g1>16+</g1> <t1>03.15</t1> Девочка в цирке. <g1>6+</g1> <t1>03.35</t1> Доверчивый дракон. <g1>16+</g1> <t1>03.45</t1> Рикки-Тикки-Тави. <g1>16+</g1> <t1>04.05</t1> Жил-был Пес. <g1>16+</g1> <t1>04.15</t1> Дядя Степа - милиционер. <g1>16+</g1> <t1>04.35</t1> Высокая горка. <g1>0+</g1> <t1>04.55</t1> Весенняя сказка. <g1>12+</g1>

<h1>Мир</h1>
<t1>05.00</t1> <m1>"Бомба"</m1>. Телесериал. <g1>16+</g1> <t1>06.00</t1> Новости. <t1>06.15</t1> <m1>"Бомба"</m1>. Телесериал. <g1>16+</g1> <t1>10.00</t1> Новости. <t1>10.10</t1> <m1>"Бомба"</m1>. Телесериал. <g1>16+</g1> <t1>12.30</t1> "Дела судебные. Новые истории". <g1>16+</g1> <t1>13.00</t1> Новости. <t1>13.15</t1> "Мировое соглашение". <g1>16+</g1> <t1>14.10</t1> "Дела судебные. Битва за будущее". <g1>16+</g1> <t1>15.05</t1> "Дела судебные. Новые истории". <g1>16+</g1> <t1>16.00</t1> Новости. <t1>16.15</t1> "Дела судебные. Яблоко раздора". <g1>16+</g1> <t1>18.00</t1> Новости. <t1>18.15</t1> "Дела судебные. Яблоко раздора". <g1>16+</g1> <t1>18.40</t1> "Дела судебные. Деньги верните!" <g1>16+</g1> <t1>19.35</t1> Телевикторина "Миллион за 5 минут. Дети". <g1>6+</g1> <t1>20.55</t1> Телевикторина "Игра в кино". <g1>16+</g1> <t1>22.25</t1> Телевикторина "Игра в кино. Мультфильмы". <g1>16+</g1> <t1>23.10</t1> <m1>"Неисправимый лгун"</m1>. Художественный фильм. <g1>16+</g1> <t1>00.45</t1> "Рожденные в СССР". <g1>16+</g1> <t1>01.15</t1> Первый Евразийский канал. <g1>12+</g1> <t1>02.20</t1> "Наше кино. История большой любви". <g1>16+</g1> <t1>03.10</t1> <m1>"Сердца четырех"</m1>. Художественный фильм. <g1>16+</g1> <t1>04.40</t1> <m1>"Музыкальная история"</m1>. Художественный фильм. <g1>16+</g1>

<h1>Пятница</h1>
<t1>05.00</t1> "Секреты на кухне". Индейка. <g1>16+</g1> <t1>05.50</t1> "Пятница News". <g1>16+</g1> <t1>06.20</t1> "Зовите шефа". Балашиха. Ботаника. <g1>16+</g1> <t1>07.00</t1> "Зовите шефа". Москва. Balance. <g1>16+</g1> <t1>08.00</t1> "Четыре дачи". Ленинградская область. <g1>16+</g1> <t1>09.30</t1> "Четыре дачи". Ленинградская область 2. <g1>16+</g1> <t1>11.10</t1> "Адский шеф". <g1>16+</g1> <t1>14.10</t1> "Новые Четыре свадьбы". Молодежная классика vs Элегантный минимализм. <g1>16+</g1> <t1>16.10</t1> "Новые Четыре свадьбы". Женихи. <g1>16+</g1> <t1>19.00</t1> "Свадьба вслепую". Цирковой артист Алексей Смирнов и оперная певица Кристина. <g1>16+</g1> <t1>20.50</t1> "Женись на мне немедленно". <g1>16+</g1> <t1>22.00</t1> Шоу. "Школа". <g1>16+</g1> <t1>00.50</t1> "Поющий офис". Кострома. <g1>16+</g1> <t1>02.00</t1> "Пятница News". <g1>16+</g1> <t1>02.20</t1> "Поющий офис". Ярославль. <g1>16+</g1> <t1>03.20</t1> "Пробный переезд". Благовещенск. <g1>16+</g1> <t1>04.10</t1> "Секреты на кухне". Красные продукты. <g1>16+</g1> <t1>04.40</t1> "Пятница News". <g1>16+</g1>
</чт>
<пт><h1>Звезда</h1>
<t1>06.10</t1> <m1>"КУМИР"</m1>. Телесериал. <g1>16+</g1> <t1>09.00</t1> Новости дня. <g1>16+</g1> <t1>09.20</t1> "Специальный репортаж". <g1>16+</g1> <t1>09.35</t1> <m1>"Чистое небо"</m1>. Художественный фильм. <g1>12+</g1> <t1>11.50</t1> <m1>"Юность Петра"</m1>. Художественный фильм. <g1>12+</g1> <t1>13.00</t1> Новости дня. <g1>16+</g1> <t1>13.25</t1> <m1>"Юность Петра"</m1>. Художественный фильм. <g1>12+</g1> <t1>15.00</t1> Военные новости. <g1>16+</g1> <t1>15.05</t1> <m1>"Юность Петра"</m1>. Художественный фильм. <g1>12+</g1> <t1>15.35</t1> <m1>"В начале славных дел"</m1>. Художественный фильм. <g1>12+</g1> <t1>17.00</t1> Новости дня. <g1>16+</g1> <t1>17.15</t1> <m1>"В начале славных дел"</m1>. Художественный фильм. <g1>12+</g1> <t1>19.00</t1> Новости дня. <g1>16+</g1> <t1>19.40</t1> "Загадки века с Сергеем Медведевым". <g1>12+</g1> <t1>20.30</t1> "Война миров". <g1>16+</g1> <t1>21.20</t1> "Специальный репортаж. Что русскому смешно". <g1>16+</g1> <t1>22.00</t1> "Здравствуйте, товарищи!" <g1>16+</g1> <t1>23.30</t1> "Музыка+". "Люди - Родина моя". Антон Сергеев, группа "КВАТРО Originals", хор Московского Сретенского монастыря, детские коллективы "Белый пароход" и "Домисолька". <g1>12+</g1> <t1>00.45</t1> <m1>"Собака на сене"</m1>. Художественный фильм. <g1>12+</g1> <t1>02.55</t1> "Уроки Донбасса". <g1>16+</g1> <t1>03.35</t1> <m1>"Под каменным небом"</m1>. Художественный фильм. <g1>12+</g1> <t1>05.00</t1> "Перелом. Хроника Победы". <g1>16+</g1>

<h1>Че</h1>
<t1>06.00</t1> "Солдаты-13". Комедийный сериал. <g1>16+</g1> <t1>08.10</t1> "Улетное видео". <g1>16+</g1> <t1>11.00</t1> "Решала". <g1>16+</g1> <t1>14.00</t1> "Охотники". <g1>16+</g1> <t1>18.00</t1> "Решала". <g1>16+</g1> <t1>21.00</t1> "Охотники". <g1>16+</g1> <t1>23.00</t1> "Опасные связи". <g1>18+</g1> <t1>02.40</t1> "+100500". <g1>18+</g1> <t1>03.50</t1> "+100500". <g1>16+</g1> <t1>05.20</t1> "Солдаты-13". Комедийный сериал. <g1>16+</g1>

<h1>Охота и рыбалка</h1>
<t1>06.00</t1> Зубастая рыбалка. <g1>16+</g1> <t1>06.25</t1> Зубастая рыбалка. <g1>16+</g1> <t1>06.55</t1> О главном. <g1>16+</g1> <t1>07.00</t1> Шары Нижнепечорья. <g1>16+</g1> <t1>07.25</t1> Егерский кордон. <g1>16+</g1> <t1>07.55</t1> Пофестивалим! <g1>16+</g1> <t1>08.20</t1> Охота с Евгением Шеляпиным на кабана с луком. <g1>16+</g1> <t1>08.55</t1> Рыбалка в Беларуси. <g1>16+</g1> <t1>09.25</t1> На зарубежных водоемах. <g1>16+</g1> <t1>09.55</t1> Ловись, рыбка. <g1>16+</g1> <t1>10.25</t1> Ловись, рыбка. <g1>16+</g1> <t1>10.55</t1> О главном. <g1>16+</g1> <t1>11.00</t1> С Нормундом по водоемам Беларуси. <g1>16+</g1> <t1>11.35</t1> Сезон охоты. <g1>16+</g1> <t1>12.05</t1> Соблазняя летнего голавля. <g1>16+</g1> <t1>12.35</t1> Охота с луком. <g1>16+</g1> <t1>13.10</t1> Охотничье оружие. <g1>16+</g1> <t1>13.25</t1> На зарубежных водоемах. <g1>16+</g1> <t1>14.00</t1> Рыболовные путешествия. <g1>16+</g1> <t1>14.30</t1> Спиннинг на камских просторах. <g1>12+</g1> <t1>15.00</t1> О главном. <g1>16+</g1> <t1>15.10</t1> Давай зарубимся! <g1>12+</g1> <t1>15.35</t1> Кулинарное путешествие с Глебом Астафьевым. <g1>16+</g1> <t1>16.05</t1> С полем! "Мертвая" вода. <g1>16+</g1> <t1>16.20</t1> С полем! "Ни фи-га, пу-за-та-я!" <g1>16+</g1> <t1>16.35</t1> Апрельская ловля щуки в низовьях Волги Россия 2013г. <g1>16+</g1> <t1>17.00</t1> Рыбалка в России. <g1>16+</g1> <t1>17.30</t1> На зарубежных водоемах. <g1>16+</g1> <t1>18.00</t1> О главном. <g1>16+</g1> <t1>18.10</t1> Две на одного. <g1>16+</g1> <t1>18.25</t1> Экспедиции Андрея Старкова. <g1>16+</g1> <t1>19.00</t1> Охота на хищника. <g1>16+</g1> <t1>19.30</t1> Охота на хищника. <g1>16+</g1> <t1>20.00</t1> С полем! Рыбный промысел Карского моря. <g1>16+</g1> <t1>20.15</t1> С полем! Рыбный промысел Карского моря. <g1>16+</g1> <t1>20.30</t1> Пути-дороги. <g1>16+</g1> <t1>21.05</t1> Рыбалка без границ. <g1>12+</g1> <t1>21.40</t1> На зарубежных водоемах. <g1>16+</g1> <t1>22.10</t1> БАгатый улов. <g1>16+</g1> <t1>22.45</t1> БАгатый улов. <g1>16+</g1> <t1>23.15</t1> О главном. <g1>16+</g1> <t1>23.25</t1> С Нормундом по водоемам Беларуси. <g1>16+</g1> <t1>23.55</t1> Рождение клинка. <g1>16+</g1> <t1>00.20</t1> Две на одного. <g1>16+</g1> <t1>00.35</t1> Утиные истории. <g1>16+</g1> <t1>01.00</t1> Будет клево. <g1>16+</g1> <t1>01.30</t1> Такая жизнь - охота с Сергеем Бешенцевым. <g1>16+</g1> <t1>01.55</t1> Рыбалка без границ. <g1>12+</g1> <t1>02.25</t1> На зарубежных водоемах. <g1>16+</g1> <t1>02.50</t1> Зубастая рыбалка. <g1>16+</g1> <t1>03.15</t1> Зубастая рыбалка. <g1>16+</g1> <t1>03.45</t1> Шары Нижнепечорья. <g1>16+</g1> <t1>04.10</t1> О главном. <g1>16+</g1> <t1>04.15</t1> Егерский кордон. <g1>16+</g1> <t1>04.40</t1> Пофестивалим! <g1>16+</g1> <t1>05.05</t1> Охота с Евгением Шеляпиным на кабана с луком. <g1>16+</g1> <t1>05.35</t1> Рыбалка в Беларуси. <g1>16+</g1>

<h1>Ретро</h1>
<t1>06.10</t1> Жажда. <g1>16+</g1> <t1>07.30</t1> Ежик в тумане. <g1>16+</g1> <t1>07.40</t1> Королева Зубная Щетка. <g1>16+</g1> <t1>08.00</t1> Мешок яблок. <g1>16+</g1> <t1>08.20</t1> На лесной тропе. <g1>16+</g1> <t1>08.35</t1> Большой трамплин. <g1>16+</g1> <t1>10.00</t1> Городской романс. <g1>16+</g1> <t1>11.45</t1> Доверчивый дракон. <g1>16+</g1> <t1>11.55</t1> Рикки-Тикки-Тави. <g1>16+</g1> <t1>12.15</t1> Жил-был Пес. <g1>16+</g1> <t1>12.30</t1> Дядя Степа - милиционер. <g1>16+</g1> <t1>12.50</t1> Дежа вю. <g1>16+</g1> <t1>14.45</t1> Я - Хортица. <g1>16+</g1> <t1>16.00</t1> Женские радости и печали. <g1>16+</g1> <t1>17.35</t1> Жажда. <g1>16+</g1> <t1>19.00</t1> Стежки - дорожки. <g1>16+</g1> <t1>20.15</t1> Последнее дело комиссара Берлаха. <g1>16+</g1> <t1>22.10</t1> Большой трамплин. <g1>16+</g1> <t1>23.30</t1> Городской романс. <g1>16+</g1> <t1>01.10</t1> Стежки - дорожки. <g1>16+</g1> <t1>02.15</t1> Последнее дело комиссара Берлаха. <g1>16+</g1> <t1>03.55</t1> Ежик в тумане. <g1>16+</g1> <t1>04.05</t1> Королева Зубная Щетка. <g1>16+</g1> <t1>04.25</t1> Мешок яблок. <g1>16+</g1> <t1>04.45</t1> На лесной тропе. <g1>16+</g1> <t1>04.50</t1> Валидуб. <g1>0+</g1> <t1>05.10</t1> Дежа вю. <g1>16+</g1>

<h1>Мир</h1>
<t1>05.00</t1> <m1>"Музыкальная история"</m1>. Художественный фильм. <g1>16+</g1> <t1>06.00</t1> Новости. <t1>06.15</t1> "Дела судебные. Деньги верните!" <g1>16+</g1> <t1>07.35</t1> "Дела судебные. Битва за будущее". <g1>16+</g1> <t1>09.05</t1> "Дела судебные. Новые истории". <g1>16+</g1> <t1>10.00</t1> Новости. <t1>10.10</t1> "Дела судебные. Деньги верните!" <g1>16+</g1> <t1>11.05</t1> "Дела судебные. Битва за будущее". <g1>16+</g1> <t1>12.05</t1> "Дела судебные. Новые истории". <g1>16+</g1> <t1>13.00</t1> Новости. <t1>13.15</t1> "Мировое соглашение". <g1>16+</g1> <t1>14.10</t1> "Дела судебные. Битва за будущее". <g1>16+</g1> <t1>15.05</t1> "Дела судебные. Новые истории". <g1>16+</g1> <t1>16.00</t1> Новости. <t1>16.15</t1> "Дела судебные. Яблоко раздора". <g1>16+</g1> <t1>18.00</t1> Новости. <t1>18.15</t1> "Дела судебные. Яблоко раздора". <g1>16+</g1> <t1>18.40</t1> "Дела судебные. Деньги верните!" <g1>16+</g1> <t1>19.35</t1> <m1>"Всадник без головы"</m1>. Художественный фильм. <g1>16+</g1> <t1>21.40</t1> <m1>"Сыновья Большой Медведицы"</m1>. Художественный фильм. <g1>16+</g1> <t1>23.30</t1> <m1>"Чингачгук – Большой Змей"</m1>. Художественный фильм. <g1>16+</g1> <t1>01.15</t1> <m1>"Белые волки"</m1>. Художественный фильм. <g1>16+</g1> <t1>02.50</t1> "Наше кино. История большой любви". <g1>16+</g1> <t1>03.55</t1> <m1>"Аринка"</m1>. Художественный фильм. <g1>16+</g1>

<h1>Пятница</h1>
<t1>05.00</t1> "Секреты на кухне". Завтраки. <g1>16+</g1> <t1>05.50</t1> "Пятница News". <g1>16+</g1> <t1>06.20</t1> "Зовите шефа". Санкт-Петербург. Мостик. <g1>16+</g1> <t1>07.00</t1> "Зовите шефа". Подольск. Есенин. <g1>16+</g1> <t1>08.00</t1> "Кондитер". Дети. Торт для Гусейна Гасанова. <g1>16+</g1> <t1>09.20</t1> "Умнее всех". <g1>12+</g1> <t1>10.30</t1> "Домохозяйки против шефов: Битва за вкус". <g1>16+</g1> <t1>12.20</t1> "Домохозяйки против шефов: Битва за вкус". <g1>16+</g1> <t1>14.00</t1> "Домохозяйки против шефов: Битва за вкус". <g1>16+</g1> <t1>15.40</t1> "Домохозяйки против шефов: Битва за вкус". <g1>16+</g1> <t1>17.20</t1> "Домохозяйки против шефов: Битва за вкус". Домохозяйки против шефов. <g1>16+</g1> <t1>18.50</t1> "Битва шефов". <g1>16+</g1> <t1>20.50</t1> "Битва шефов". <g1>16+</g1> <t1>23.20</t1> <m1>"НОЧЬ У МОД"</m1>. Художественный фильм. <g1>18+</g1> <t1>01.20</t1> "Пятница News". <g1>16+</g1> <t1>01.50</t1> "Поющий офис". Владимир. <g1>16+</g1> <t1>03.00</t1> "Пробный переезд". Калининград. <g1>16+</g1> <t1>03.50</t1> "Секреты на кухне". Готовит Кирилл Каганович. <g1>16+</g1> <t1>04.40</t1> "Пятница News". <g1>16+</g1>
</пт>
<сб><h1>Звезда</h1>
<t1>05.25</t1> <m1>"КОЛЬЦА АЛЬМАНЗОРА"</m1>. Художественный фильм. <g1>6+</g1> <t1>06.35</t1> <m1>"Чистое небо"</m1>. Художественный фильм. <g1>12+</g1> <t1>09.00</t1> Новости дня. <g1>16+</g1> <t1>09.15</t1> "Второе мнение". <g1>12+</g1> <t1>09.45</t1> "СССР. Знак качества" с Иваном Охлобыстиным". "Песню дружбы запевает молодежь" Фестивали по-советски". (Со скрытыми субтитрами). <g1>12+</g1> <t1>10.35</t1> "Не факт!" (Со скрытыми субтитрами). <g1>12+</g1> <t1>11.05</t1> "Мужики". Дамир Юсупов. (Со скрытыми субтитрами). <g1>16+</g1> <t1>11.35</t1> "Легенды кино". Инна Чурикова. (Со скрытыми субтитрами). <g1>12+</g1> <t1>12.30</t1> "Любовь на линии огня". "Твоя любовь меня хранила". (Со скрытыми субтитрами). <g1>16+</g1> <t1>13.00</t1> Новости дня. <g1>16+</g1> <t1>13.20</t1> "Народный ВПК". <g1>12+</g1> <t1>13.45</t1> <m1>"НОЛЬ-СЕДЬМОЙ" МЕНЯЕТ КУРС"</m1>. Художественный фильм. <g1>16+</g1> <t1>15.55</t1> <m1>"ЛЮБОВЬ ЗЕМНАЯ"</m1>. Художественный фильм. <g1>16+</g1> <t1>17.55</t1> <m1>"СУДЬБА"</m1>. Художественный фильм. <g1>16+</g1> <t1>19.00</t1> Новости дня. <g1>16+</g1> <t1>19.25</t1> <m1>"СУДЬБА"</m1>. Художественный фильм. <g1>16+</g1> <t1>22.05</t1> <m1>"Фартовый"</m1>. Художественный фильм. <g1>16+</g1> <t1>00.05</t1> "Мы верим твердо в героев спорта". <g1>12+</g1> <t1>01.50</t1> <m1>"Собака на сене"</m1>. Художественный фильм. <g1>12+</g1> <t1>04.00</t1> "Уроки Донбасса". <g1>16+</g1> <t1>04.40</t1> "Перелом. Хроника Победы". <g1>16+</g1>

<h1>Че</h1>
<t1>06.00</t1> "Солдаты-13". Комедийный сериал. <g1>16+</g1> <t1>09.30</t1> "Утилизатор-6". <g1>16+</g1> <t1>10.00</t1> Премьера! "Утилизатор-9". <g1>16+</g1> <t1>10.30</t1> "Решала". <g1>16+</g1> <t1>15.30</t1> "Притворщики". <g1>16+</g1> <t1>17.30</t1> "Влад решает". <g1>16+</g1> <t1>19.30</t1> "+100500". <g1>16+</g1> <t1>23.00</t1> "+100500". <g1>18+</g1> <t1>23.30</t1> "Женский 100500". <g1>16+</g1> <t1>00.00</t1> "+100500". <g1>18+</g1> <t1>03.20</t1> "Улетное видео. Топ-35". <g1>16+</g1> <t1>04.45</t1> "Солдаты-13". Комедийный сериал. <g1>16+</g1>

<h1>Охота и рыбалка</h1>
<t1>06.00</t1> Двое против рыбы. <g1>16+</g1> <t1>06.50</t1> Кухня с Сержем Марковичем. <g1>12+</g1> <t1>07.05</t1> Кухня с Сержем Марковичем. <g1>12+</g1> <t1>07.20</t1> Двое против рыбы. <g1>16+</g1> <t1>08.10</t1> О главном. <g1>16+</g1> <t1>08.20</t1> Кухня с Сержем Марковичем. <g1>12+</g1> <t1>08.35</t1> Кухня с Сержем Марковичем. <g1>12+</g1> <t1>08.55</t1> Двое против рыбы. <g1>16+</g1> <t1>09.55</t1> Кухня с Сержем Марковичем. <g1>12+</g1> <t1>10.10</t1> Ловись, рыбка. <g1>16+</g1> <t1>10.35</t1> Ловись, рыбка. <g1>16+</g1> <t1>11.10</t1> Кухня с Сержем Марковичем. <g1>12+</g1> <t1>11.25</t1> Кухня с Сержем Марковичем. <g1>12+</g1> <t1>11.40</t1> Ловись, рыбка. <g1>16+</g1> <t1>12.05</t1> О главном. <g1>16+</g1> <t1>12.10</t1> Ловись, рыбка. <g1>16+</g1> <t1>12.35</t1> Кухня с Сержем Марковичем. <g1>12+</g1> <t1>12.55</t1> Кухня с Сержем Марковичем. <g1>12+</g1> <t1>13.15</t1> Ловись, рыбка. <g1>16+</g1> <t1>13.45</t1> Ловись, рыбка. <g1>16+</g1> <t1>14.15</t1> Кухня с Сержем Марковичем. <g1>12+</g1> <t1>14.30</t1> Кухня с Сержем Марковичем. <g1>12+</g1> <t1>14.45</t1> Ловись, рыбка. <g1>16+</g1> <t1>15.20</t1> Ловись, рыбка. <g1>16+</g1> <t1>15.50</t1> О главном. <g1>16+</g1> <t1>15.55</t1> Ловись, рыбка. <g1>16+</g1> <t1>16.30</t1> Поймай и сними. <g1>16+</g1> <t1>17.00</t1> Поймай и сними. <g1>16+</g1> <t1>17.30</t1> Кухня с Сержем Марковичем. <g1>12+</g1> <t1>17.45</t1> Кухня с Сержем Марковичем. <g1>12+</g1> <t1>18.00</t1> Охота как она есть. <g1>16+</g1> <t1>18.30</t1> Охота как она есть. <g1>16+</g1> <t1>19.00</t1> Кухня с Сержем Марковичем. <g1>12+</g1> <t1>19.20</t1> Кухня с Сержем Марковичем. <g1>12+</g1> <t1>19.35</t1> Поймай и сними. <g1>16+</g1> <t1>20.00</t1> О главном. <g1>16+</g1> <t1>20.10</t1> Поймай и сними. <g1>16+</g1> <t1>20.40</t1> Кухня с Сержем Марковичем. <g1>12+</g1> <t1>20.55</t1> Кухня с Сержем Марковичем. <g1>12+</g1> <t1>21.15</t1> Охота как она есть. <g1>16+</g1> <t1>21.45</t1> Охота как она есть. <g1>16+</g1> <t1>22.15</t1> Двое против рыбы. <g1>16+</g1> <t1>23.15</t1> Кухня с Сержем Марковичем. <g1>12+</g1> <t1>23.30</t1> Кухня с Сержем Марковичем. <g1>12+</g1> <t1>23.45</t1> Кухня с Сержем Марковичем. <g1>12+</g1> <t1>00.00</t1> О главном. <g1>16+</g1> <t1>00.05</t1> Двое против рыбы. <g1>16+</g1> <t1>01.00</t1> Кухня с Сержем Марковичем. <g1>12+</g1> <t1>01.10</t1> Двое против рыбы. <g1>16+</g1> <t1>02.05</t1> Кухня с Сержем Марковичем. <g1>12+</g1> <t1>02.20</t1> Кухня с Сержем Марковичем. <g1>12+</g1> <t1>02.30</t1> Двое против рыбы. <g1>16+</g1> <t1>03.25</t1> Кухня с Сержем Марковичем. <g1>12+</g1> <t1>03.40</t1> Весенняя рыбалка. <g1>16+</g1> <t1>04.05</t1> О главном. <g1>16+</g1> <t1>04.10</t1> Весенняя рыбалка. <g1>16+</g1> <t1>04.40</t1> Популярная охота. <g1>16+</g1> <t1>04.50</t1> Популярная охота. <g1>16+</g1> <t1>05.05</t1> Охота в Беларуси. <g1>16+</g1> <t1>05.35</t1> Охота в Беларуси. <g1>16+</g1>

<h1>Ретро</h1>
<t1>06.55</t1> Я - Хортица. <g1>16+</g1> <t1>08.00</t1> Влюбчивая ворона. <g1>0+</g1> <t1>08.10</t1> Горный мастер. <g1>16+</g1> <t1>08.30</t1> Кот в сапогах. <g1>16+</g1> <t1>08.50</t1> Великое закрытие. <g1>16+</g1> <t1>09.00</t1> Женские радости и печали. <g1>16+</g1> <t1>10.35</t1> Жажда. <g1>16+</g1> <t1>12.00</t1> Ежик в тумане. <g1>16+</g1> <t1>12.10</t1> Королева Зубная Щетка. <g1>16+</g1> <t1>12.30</t1> Мешок яблок. <g1>16+</g1> <t1>12.50</t1> На лесной тропе. <g1>16+</g1> <t1>13.00</t1> Стежки - дорожки. <g1>16+</g1> <t1>14.15</t1> Городской романс. <g1>16+</g1> <t1>16.00</t1> Дежа вю. <g1>16+</g1> <t1>17.55</t1> Я - Хортица. <g1>16+</g1> <t1>19.05</t1> Действуй по обстановке! <g1>16+</g1> <t1>20.20</t1> Безымянная звезда. <t1>21.30</t1> Безымянная звезда. <t1>22.40</t1> Женские радости и печали. <g1>16+</g1> <t1>00.15</t1> Жажда. <g1>16+</g1> <t1>01.30</t1> Действуй по обстановке! <g1>16+</g1> <t1>02.35</t1> Безымянная звезда. <t1>03.35</t1> Безымянная звезда. <t1>04.40</t1> Горный мастер. <g1>16+</g1> <t1>05.00</t1> Кот в сапогах. <g1>16+</g1> <t1>05.20</t1> Стежки - дорожки. <g1>16+</g1>

<h1>Мир</h1>
<t1>05.00</t1> <m1>"Аринка"</m1>. Художественный фильм. <g1>16+</g1> <t1>05.15</t1> "Наше кино. История большой любви". <g1>16+</g1> <t1>06.20</t1> <m1>"Вий"</m1>. Художественный фильм. <g1>16+</g1> <t1>07.40</t1> Д/ф "Заживо сожженные". <g1>16+</g1> <t1>08.15</t1> "Исторический детектив с Николаем Валуевым". <g1>16+</g1> <t1>08.45</t1> "Наше кино. История большой любви". <g1>16+</g1> <t1>09.15</t1> Телевикторина "Игра в кино. Мультфильмы". <g1>16+</g1> <t1>10.00</t1> Новости. <t1>10.10</t1> <m1>"Через Гоби и Хинган"</m1>. Художественный фильм. <g1>16+</g1> <t1>13.00</t1> Новости. <t1>13.15</t1> <m1>"Через Гоби и Хинган"</m1>. Художественный фильм. <g1>16+</g1> <t1>13.55</t1> <m1>"Москва - любовь моя"</m1>. Художественный фильм. <g1>16+</g1> <t1>15.50</t1> <m1>"Бомба"</m1>. Телесериал. <g1>16+</g1> <t1>18.00</t1> Новости. <t1>18.15</t1> <m1>"Бомба"</m1>. Телесериал. <g1>16+</g1> <t1>23.50</t1> <m1>"Тайна "Черных дроздов"</m1>. Художественный фильм. <g1>16+</g1> <t1>01.35</t1> "Наше кино. История большой любви". <g1>16+</g1> <t1>02.25</t1> <m1>"Пятнадцатилетний капитан"</m1>. Художественный фильм. <g1>16+</g1> <t1>03.45</t1> <m1>"Тимур и его команда"</m1>. Художественный фильм. <g1>16+</g1>

<h1>Пятница</h1>
<t1>05.00</t1> "Секреты на кухне". Готовит Настасья Самбурская. <g1>16+</g1> <t1>05.50</t1> "Пятница News". <g1>16+</g1> <t1>06.20</t1> "Гость у порога". Владивосток 2. <g1>16+</g1> <t1>08.00</t1> "Четыре дачи". Ленинградская область 2. <g1>16+</g1> <t1>09.30</t1> "Четыре дачи". Калужская область. <g1>16+</g1> <t1>11.10</t1> "Четыре дачи". Ставропольский край. <g1>16+</g1> <t1>13.00</t1> "Четыре дачи". <g1>16+</g1> <t1>14.40</t1> "Четыре дачи". Ставропольский край. <g1>16+</g1> <t1>16.20</t1> "Черный список. На кухне". Тула. HOPS. <g1>16+</g1> <t1>17.20</t1> "Черный список. На кухне". Воронеж. Sazerac. <g1>16+</g1> <t1>18.20</t1> "Черный список. На кухне". Москва. Опята. <g1>16+</g1> <t1>19.00</t1> "Черный список. На кухне". Краснодар. Казачий хутор. <g1>16+</g1> <t1>20.00</t1> "Черный список. На кухне". Тула. Гнездо. <g1>16+</g1> <t1>21.00</t1> "Черный список. На кухне". Москва. Michelada. <g1>16+</g1> <t1>22.00</t1> "Черный список. На кухне". Воронеж. Мишка. <g1>16+</g1> <t1>23.00</t1> Шоу. "Школа". <g1>16+</g1> <t1>01.30</t1> <m1>"ЖЕРОНИМО"</m1>. Художественный фильм. <g1>18+</g1> <t1>03.20</t1> "Пятница News". <g1>16+</g1> <t1>03.50</t1> "Секреты на кухне". Готовит Роман Юнусов. <g1>16+</g1> <t1>04.30</t1> "Пятница News". <g1>16+</g1>
</сб>
<вс><h1>Звезда</h1>
<t1>05.10</t1> <m1>"За облаками - НЕБО"</m1>. Художественный фильм. <g1>12+</g1> <t1>07.00</t1> <m1>"НОЛЬ-СЕДЬМОЙ" МЕНЯЕТ КУРС"</m1>. Художественный фильм. <g1>16+</g1> <t1>09.00</t1> "Новости недели" с Юрием Подкопаевым. <g1>16+</g1> <t1>09.25</t1> "Служу России". <g1>12+</g1> <t1>09.55</t1> "Военная приемка". <g1>12+</g1> <t1>10.45</t1> "Легенды армии" с Александром Маршалом. Петр Еремеев. (Со скрытыми субтитрами). <g1>12+</g1> <t1>11.35</t1> "Москва - фронту". <g1>16+</g1> <t1>12.05</t1> "Война миров". <g1>16+</g1> <t1>12.55</t1> "Код доступа". "Проект "50-50-1": тайная война ЦРУ против Трампа". <g1>12+</g1> <t1>13.50</t1> "Улика из прошлого". "Дело Шрапнеля: новая тайна старого оружия". (Со скрытыми субтитрами). <g1>16+</g1> <t1>14.40</t1> "Скрытые угрозы" с Николаем Чиндяйкиным. <g1>16+</g1> <t1>15.35</t1> "Секретные материалы". <g1>16+</g1> <t1>16.30</t1> "Загадки века с Сергеем Медведевым". <g1>12+</g1> <t1>17.20</t1> "Специальный репортаж. Что русскому смешно". <g1>16+</g1> <t1>18.00</t1> Главное с Ольгой Беловой. <g1>16+</g1> <t1>19.40</t1> "Легенды советского сыска. Годы войны". <g1>16+</g1> <t1>23.05</t1> <m1>"Часовщик"</m1>. Художественный фильм. <g1>16+</g1> <t1>01.05</t1> <m1>"ДОБРОВОЛЬЦЫ"</m1>. Художественный фильм. <g1>12+</g1> <t1>02.35</t1> <m1>"ГОЛУБЫЕ ДОРОГИ"</m1>. Художественный фильм. <g1>12+</g1> <t1>04.00</t1> <m1>"КОЛЬЦА АЛЬМАНЗОРА"</m1>. Художественный фильм. <g1>6+</g1>

<h1>Че</h1>
<t1>06.00</t1> "Солдаты-13". Комедийный сериал. <g1>16+</g1> <t1>08.30</t1> "Солдаты-14". Комедийный сериал. <g1>16+</g1> <t1>09.30</t1> "Утилизатор-6". <g1>16+</g1> <t1>10.00</t1> "Утилизатор-8". <g1>16+</g1> <t1>10.30</t1> "Решала". <g1>16+</g1> <t1>15.30</t1> "Притворщики". <g1>16+</g1> <t1>17.30</t1> "Влад решает". <g1>16+</g1> <t1>19.30</t1> "+100500". <g1>16+</g1> <t1>22.00</t1> Премьера! "+100500". <g1>16+</g1> <t1>23.00</t1> "+100500". <g1>18+</g1> <t1>23.30</t1> "Женский 100500". <g1>16+</g1> <t1>00.00</t1> "+100500". <g1>18+</g1> <t1>02.50</t1> "Большой кэш". <g1>16+</g1> <t1>03.40</t1> "Солдаты-14". Комедийный сериал. <g1>16+</g1>

<h1>Охота и рыбалка</h1>
<t1>06.00</t1> О главном. <g1>16+</g1> <t1>06.05</t1> Кухня с Сержем Марковичем. <g1>12+</g1> <t1>06.20</t1> Кухня с Сержем Марковичем. <g1>12+</g1> <t1>06.35</t1> Охота как она есть. <g1>16+</g1> <t1>07.00</t1> Охота как она есть. <g1>16+</g1> <t1>07.25</t1> Кухня с Сержем Марковичем. <g1>12+</g1> <t1>07.40</t1> Кухня с Сержем Марковичем. <g1>12+</g1> <t1>07.55</t1> Поймай и сними. <g1>16+</g1> <t1>08.20</t1> Поймай и сними. <g1>16+</g1> <t1>08.55</t1> Кухня с Сержем Марковичем. <g1>12+</g1> <t1>09.10</t1> Кухня с Сержем Марковичем. <g1>12+</g1> <t1>09.25</t1> Охота как она есть. <g1>16+</g1> <t1>10.00</t1> О главном. <g1>16+</g1> <t1>10.05</t1> Охота как она есть. <g1>16+</g1> <t1>10.35</t1> Двое против рыбы. <g1>16+</g1> <t1>11.35</t1> Кухня с Сержем Марковичем. <g1>12+</g1> <t1>11.55</t1> Кухня с Сержем Марковичем. <g1>12+</g1> <t1>12.10</t1> Двое против рыбы. <g1>16+</g1> <t1>13.10</t1> Кухня с Сержем Марковичем. <g1>12+</g1> <t1>13.30</t1> Кухня с Сержем Марковичем. <g1>12+</g1> <t1>13.45</t1> Кухня с Сержем Марковичем. <g1>12+</g1> <t1>14.00</t1> О главном. <g1>16+</g1> <t1>14.10</t1> Двое против рыбы. <g1>16+</g1> <t1>15.05</t1> Кухня с Сержем Марковичем. <g1>12+</g1> <t1>15.25</t1> Двое против рыбы. <g1>16+</g1> <t1>16.25</t1> Кухня с Сержем Марковичем. <g1>12+</g1> <t1>16.40</t1> Охота как она есть. <g1>16+</g1> <t1>17.10</t1> Охота как она есть. <g1>16+</g1> <t1>17.40</t1> Нож-помощник. <g1>16+</g1> <t1>17.50</t1> Нож-помощник. <g1>16+</g1> <t1>18.05</t1> О главном. <g1>16+</g1> <t1>18.10</t1> Поймай и сними. <g1>16+</g1> <t1>18.40</t1> Поймай и сними. <g1>16+</g1> <t1>19.10</t1> Нож-помощник. <g1>16+</g1> <t1>19.25</t1> Нож-помощник. <g1>16+</g1> <t1>19.40</t1> Охота как она есть. <g1>16+</g1> <t1>20.10</t1> Охота как она есть. <g1>16+</g1> <t1>20.40</t1> Нож-помощник. <g1>16+</g1> <t1>21.00</t1> Нож-помощник. <g1>16+</g1> <t1>21.15</t1> Поймай и сними. <g1>16+</g1> <t1>21.45</t1> Поймай и сними. <g1>16+</g1> <t1>22.10</t1> О главном. <g1>16+</g1> <t1>22.20</t1> Поймай и сними. <g1>16+</g1> <t1>22.50</t1> Поймай и сними. <g1>16+</g1> <t1>23.20</t1> Кухня с Сержем Марковичем. <g1>12+</g1> <t1>23.35</t1> Кухня с Сержем Марковичем. <g1>12+</g1> <t1>23.50</t1> Охота как она есть. <g1>16+</g1> <t1>00.15</t1> Охота как она есть. <g1>16+</g1> <t1>00.40</t1> Кухня с Сержем Марковичем. <g1>12+</g1> <t1>00.55</t1> Кухня с Сержем Марковичем. <g1>12+</g1> <t1>01.10</t1> Поймай и сними. <g1>16+</g1> <t1>01.35</t1> Поймай и сними. <g1>16+</g1> <t1>02.05</t1> Кухня с Сержем Марковичем. <g1>12+</g1> <t1>02.20</t1> Охота как она есть. <g1>16+</g1> <t1>02.45</t1> Охота как она есть. <g1>16+</g1> <t1>03.10</t1> Ловись, рыбка. <g1>16+</g1> <t1>03.35</t1> Ловись, рыбка. <g1>16+</g1> <t1>04.00</t1> Кухня с Сержем Марковичем. <g1>12+</g1> <t1>04.15</t1> Ловись, рыбка. <g1>16+</g1> <t1>04.35</t1> Ловись, рыбка. <g1>16+</g1> <t1>04.55</t1> Кухня с Сержем Марковичем. <g1>12+</g1> <t1>05.10</t1> Ловись, рыбка. <g1>16+</g1> <t1>05.40</t1> Ловись, рыбка. <g1>16+</g1>

<h1>Ретро</h1>
<t1>06.25</t1> Последнее дело комиссара Берлаха. <g1>16+</g1> <t1>08.05</t1> Василиса Микулишна. <g1>16+</g1> <t1>08.25</t1> Про мамонтенка. <g1>16+</g1> <t1>08.35</t1> Незнайка учится. <g1>16+</g1> <t1>08.55</t1> А что ты умеешь? <g1>16+</g1> <t1>09.05</t1> Дежа вю. <g1>16+</g1> <t1>11.00</t1> Весенняя сказка. <g1>12+</g1> <t1>12.30</t1> Влюбчивая ворона. <g1>0+</g1> <t1>12.40</t1> Горный мастер. <g1>16+</g1> <t1>13.00</t1> Кот в сапогах. <g1>16+</g1> <t1>13.20</t1> Великое закрытие. <g1>16+</g1> <t1>13.35</t1> Безымянная звезда. <t1>14.45</t1> Безымянная звезда. <t1>16.00</t1> Стежки - дорожки. <g1>16+</g1> <t1>17.15</t1> Городской романс. <g1>16+</g1> <t1>19.00</t1> Брак по-итальянски. <g1>16+</g1> <t1>20.50</t1> "Мерседес" уходит от погони. <g1>16+</g1> <t1>22.15</t1> Дежа вю. <g1>16+</g1> <t1>00.00</t1> Я - Хортица. <g1>16+</g1> <t1>01.00</t1> Брак по-итальянски. <g1>16+</g1> <t1>02.35</t1> "Мерседес" уходит от погони. <g1>16+</g1> <t1>03.50</t1> Василиса Микулишна. <g1>16+</g1> <t1>04.10</t1> Про мамонтенка. <g1>16+</g1> <t1>04.20</t1> Незнайка учится. <g1>16+</g1> <t1>04.40</t1> А что ты умеешь? <g1>16+</g1> <t1>04.50</t1> Действуй по обстановке! <g1>16+</g1> <t1>05.55</t1> Безымянная звезда.

<h1>Мир</h1>
<t1>05.00</t1> "Наше кино. История большой любви". <g1>12+</g1> <t1>06.45</t1> <m1>"Неисправимый лгун"</m1>. Художественный фильм. <g1>16+</g1> <t1>08.20</t1> "Диктор делает". <g1>16+</g1> <t1>09.30</t1> "ФазендаЛайф". <g1>6+</g1> <t1>10.00</t1> Новости. <t1>10.10</t1> <m1>"Всадник без головы"</m1>. Художественный фильм. <g1>16+</g1> <t1>12.15</t1> <m1>"Пой, ковбой, пой!"</m1> Художественный фильм. <g1>16+</g1> <t1>13.00</t1> Новости. <t1>13.15</t1> <m1>"Пой, ковбой, пой!"</m1> Художественный фильм. <g1>16+</g1> <t1>14.15</t1> <m1>"Сыновья Большой Медведицы"</m1>. Художественный фильм. <g1>16+</g1> <t1>16.05</t1> <m1>"Чингачгук – Большой Змей"</m1>. Художественный фильм. <g1>16+</g1> <t1>17.55</t1> <m1>"Белые волки"</m1>. Художественный фильм. <g1>16+</g1> <t1>19.40</t1> <m1>"Текумзе"</m1>. Художественный фильм. <g1>16+</g1> <t1>21.30</t1> <m1>"Приключения принца Флоризеля"</m1>. Художественный фильм. <g1>16+</g1> <t1>01.15</t1> "Наше кино. История большой любви". <g1>16+</g1> <t1>02.30</t1> <m1>"Белый клык"</m1>. Художественный фильм. <g1>16+</g1> <t1>03.50</t1> <m1>"Гаврош"</m1>. Художественный фильм. <g1>16+</g1>

<h1>Пятница</h1>
<t1>05.00</t1> "Секреты на кухне". Фастфуд. <g1>16+</g1> <t1>05.50</t1> "Пятница News". <g1>16+</g1> <t1>07.10</t1> "Гастротур". Республика Башкортостан. <g1>16+</g1> <t1>08.10</t1> Шоу. "Погнали! в Южную Корею. Путь нелегала". <g1>16+</g1> <t1>10.00</t1> "Белая амазонка". <g1>16+</g1> <t1>11.00</t1> Шоу. "Погнали! в Аргентину. Где пряталось зло?" <g1>16+</g1> <t1>13.20</t1> Шоу. "Погнали! в Аргентину. Культ Марадоны". <g1>16+</g1> <t1>15.20</t1> Шоу. "Погнали! в Испанию. Барселона. Столица уличных краж". <g1>16+</g1> <t1>16.50</t1> Шоу. "Погнали! в Колумбию. Преступность в прошлом?" <g1>16+</g1> <t1>18.20</t1> Шоу. "Погнали! в Колумбию. Сладости и гадости". <g1>16+</g1> <t1>20.10</t1> Шоу. "Погнали! в Сальвадор. Самая большая тюрьма в мире!" <g1>16+</g1> <t1>21.30</t1> Шоу. "Погнали! в Сальвадор. Харизматичный диктатор". <g1>16+</g1> <t1>23.00</t1> "Минаев Тревел". Медичи. <g1>16+</g1> <t1>00.00</t1> <m1>"ЗНАК ЛЬВА"</m1>. Художественный фильм. <g1>18+</g1> <t1>02.00</t1> "Пятница News". <g1>16+</g1> <t1>02.20</t1> "Поющий офис". Ярославль. <g1>16+</g1> <t1>03.30</t1> "Секреты на кухне". Сезонные продукты. <g1>16+</g1> <t1>04.30</t1> "Пятница News". <g1>16+</g1>
</вс></Отдых></Кабельные></Каналы>