<?xml version="1.0" encoding="utf-8" standalone="yes" ?>
<Каналы><Кабельные><Познавательные><пн><h1>History</h1>
<t1>06.05</t1> История без прикрас. <g1>16+</g1> <t1>07.00</t1> Отчаянные часы. Очевидцы и выжившие. <g1>16+</g1> <t1>07.30</t1> Путеводитель Путифара. <g1>16+</g1> <t1>08.25</t1> 100 чудес света. <g1>16+</g1> <t1>09.30</t1> Загадки Древнего Египта. <g1>16+</g1> <t1>10.25</t1> Загадки Древнего Египта. <g1>16+</g1> <t1>11.15</t1> Загадки планеты Земля. <g1>16+</g1> <t1>12.00</t1> Загадки планеты Земля. <g1>16+</g1> <t1>12.45</t1> Карты убийств. <g1>16+</g1> <t1>13.35</t1> Карты убийств. <g1>16+</g1> <t1>14.25</t1> Краткая история футбола вместе с Алфи Алленом. <g1>12+</g1> <t1>15.15</t1> Краткая история футбола вместе с Алфи Алленом. <g1>12+</g1> <t1>16.05</t1> Сокровища Петры: в поисках ладана. <g1>12+</g1> <t1>17.05</t1> 100 чудес света. <g1>16+</g1> <t1>18.05</t1> На скалах. <g1>12+</g1> <t1>19.05</t1> Урарту. Забытое царство. <g1>12+</g1> <t1>20.00</t1> Карты убийств. <g1>16+</g1> <t1>20.50</t1> Карты убийств. <g1>16+</g1> <t1>21.40</t1> История без прикрас. <g1>16+</g1> <t1>22.40</t1> История без прикрас. <g1>16+</g1> <t1>23.40</t1> Загадки планеты Земля. <g1>16+</g1> <t1>00.25</t1> Загадки планеты Земля. <g1>16+</g1> <t1>01.05</t1> Загадки Древнего Египта. <g1>16+</g1> <t1>01.50</t1> Загадки Древнего Египта. <g1>16+</g1> <t1>02.40</t1> Карты убийств. <g1>16+</g1> <t1>03.25</t1> Карты убийств. <g1>16+</g1> <t1>04.10</t1> Мой король Карл. <g1>12+</g1> <t1>05.05</t1> История без прикрас. <g1>16+</g1>

<h1>Кухня ТВ</h1>
<t1>00.00</t1> "Бразилия на тарелке: Кухня Гаучо". <g1>12+</g1> <t1>00.30</t1> "Трескаем: Скоблянка рыбная и креветки пиль пиль". <g1>12+</g1> <t1>01.00</t1> "Сезонная кухня с шефом: Курица". <g1>12+</g1> <t1>01.20</t1> "Сезонная кухня с шефом: Рассол". <g1>12+</g1> <t1>01.40</t1> "Гастрономический фестиваль (День семьи): Фиштиваль в Калининграде". <g1>12+</g1> <t1>01.55</t1> "Едим дома". <g1>0+</g1> <t1>02.20</t1> "Вкусная Россия с Сергеем Белоголовцевым: Казань". <g1>12+</g1> <t1>02.45</t1> "Курица или яйцо?: Калитки с картофелем и яйцом". <g1>12+</g1> <t1>03.00</t1> "Готовим как шеф, сезон 1, серия 12". <g1>12+</g1> <t1>03.25</t1> "Король гриля: Бургер по-деревенски. Тушеная капуста с охотничьими колбасками". <g1>12+</g1> <t1>03.45</t1> "Три рецепта - один торт". <g1>12+</g1> <t1>04.00</t1> "Три рецепта - один торт". <g1>12+</g1> <t1>04.15</t1> "Рецепт по обмену: Уха". <g1>12+</g1> <t1>04.40</t1> "Фермерская кухня: Икра из патиссонов с гренками и салатиз огурцов". <g1>12+</g1> <t1>05.05</t1> "Вкусы Фудзи с Джастин". <g1>12+</g1> <t1>05.25</t1> "Моя любимая кухня: Тальятелле с креветками и цукини, салат из куриной печени". <g1>12+</g1> <t1>05.55</t1> "Едим дома". <g1>0+</g1> <t1>06.20</t1> "Вкусно как дома". <g1>12+</g1> <t1>06.45</t1> "Курица или яйцо?: Эскалоп из курицы с грибами". <g1>12+</g1> <t1>07.00</t1> "Трескаем: Кальмар на гриле и салат коул слоу по-японски". <g1>12+</g1> <t1>07.25</t1> "Моя-твоя еда: Медальоны из говядины с салатом из рукколы и помидоров". <g1>6+</g1> <t1>08.00</t1> "Секреты итальянской кухни". <g1>12+</g1> <t1>08.25</t1> "Фанат барбекю". <g1>12+</g1> <t1>08.50</t1> "Фермерская кухня: Похлебка с лесными грибами и хумус из нута". <g1>12+</g1> <t1>09.20</t1> "Северная кухня с Тареком Тейлором". <g1>12+</g1> <t1>09.50</t1> "Рецепт по обмену: Кролик в казане". <g1>12+</g1> <t1>10.20</t1> "Рецепты со всего Света: Круассан". <g1>12+</g1> <t1>10.35</t1> "Детектив Гурман". <g1>12+</g1> <t1>11.25</t1> "Детектив Гурман". <g1>12+</g1> <t1>12.05</t1> "Моя-твоя еда: Куриный бон бон с огуречным тартаром и куриный супчик с салатом". <g1>6+</g1> <t1>12.35</t1> "Трескаем: Котлеты из судака и легкий винегрет". <g1>12+</g1> <t1>13.00</t1> "Едим дома". <g1>0+</g1> <t1>13.30</t1> "Вкусная Россия с Сергеем Белоголовцевым: Тверь". <g1>12+</g1> <t1>14.05</t1> "Курица или яйцо?: Яичный паштетс домашними пампушками". <g1>12+</g1> <t1>14.20</t1> "Рецепты со всего Света: Паэлья". <g1>12+</g1> <t1>14.40</t1> "Фанат барбекю". <g1>12+</g1> <t1>15.00</t1> "Фермерская кухня: Сырники с ягодами и йогурт с орехами". <g1>12+</g1> <t1>15.30</t1> "Северная кухня с Тареком Тейлором". <g1>12+</g1> <t1>16.05</t1> "Рецепт по обмену: Форшмак". <g1>12+</g1> <t1>16.30</t1> "Детектив Гурман". <g1>12+</g1> <t1>17.20</t1> "Детектив Гурман". <g1>12+</g1> <t1>18.00</t1> "Ешь и худей!" <g1>12+</g1> <t1>18.20</t1> "Евразия: Равиоли с креветкой". <g1>12+</g1> <t1>18.35</t1> "Евразия: Дим-самы с креветкой". <g1>12+</g1> <t1>19.00</t1> "Едим дома". <g1>0+</g1> <t1>19.30</t1> "Вкусно как дома". <g1>12+</g1> <t1>19.55</t1> "Сладкие секреты испанской кухни". <g1>12+</g1> <t1>20.00</t1> "Моя любимая кухня: Фантастический шницель из куриного филе и салат "Цезарь". <g1>12+</g1> <t1>20.30</t1> "Моя любимая кухня: Тальятелле с грибами и тальятелле "Фунги". <g1>12+</g1> <t1>21.00</t1> Художественный фильм "Любовь со вкусом". Драма, Мелодрама, Комедия. Режиссер: Маннин де Вильдт. В ролях: Санне Фогель, Синан Эроглу, Санне Лангелаар. 2022 г. <g1>18+</g1> <t1>22.40</t1> "Рецепт по обмену: Крабовый салат". <g1>12+</g1> <t1>23.10</t1> "Корея Джона Торода". <g1>12+</g1>

<h1>Усадьба</h1>
<t1>06.00</t1> Сад своими руками. <g1>12+</g1> <t1>06.25</t1> Секреты травоведа. <g1>12+</g1> <t1>06.40</t1> Секреты травоведа. <g1>12+</g1> <t1>06.50</t1> Ландшафтные эксперименты. <g1>12+</g1> <t1>07.15</t1> Дaчная кухня. <g1>12+</g1> <t1>07.30</t1> Дaчная кухня. <g1>12+</g1> <t1>07.40</t1> Стройплощадка. <g1>12+</g1> <t1>08.10</t1> Агротуризм. <g1>12+</g1> <t1>08.40</t1> Дачные радости с Мариной Рыкалиной. <g1>12+</g1> <t1>09.10</t1> Дачные радости с Мариной Рыкалиной. <g1>12+</g1> <t1>09.40</t1> Садовый доктор. <g1>12+</g1> <t1>09.50</t1> Садовый доктор. <g1>12+</g1> <t1>10.10</t1> Дачные радости. <g1>12+</g1> <t1>10.40</t1> Домашние заготовки. <g1>12+</g1> <t1>10.55</t1> Домашние заготовки. <g1>12+</g1> <t1>11.10</t1> Искатели приключений. <g1>12+</g1> <t1>11.40</t1> Дачные радости с Мариной Рыкалиной. <g1>12+</g1> <t1>12.10</t1> Дачные радости с Мариной Рыкалиной. <g1>12+</g1> <t1>12.35</t1> Огород круглый год. <g1>12+</g1> <t1>13.10</t1> Обнови свой сад. <g1>12+</g1> <t1>13.40</t1> Домашние заготовки. <g1>12+</g1> <t1>13.55</t1> Домашние заготовки. <g1>12+</g1> <t1>14.10</t1> Моя крепость. <g1>12+</g1> <t1>14.40</t1> Лучки&amp;Пучки. <g1>12+</g1> <t1>14.55</t1> Лучки&amp;Пучки. <g1>12+</g1> <t1>15.10</t1> Правила фермера. <g1>12+</g1> <t1>15.40</t1> Ремонт без правил. <g1>12+</g1> <t1>16.10</t1> Идеальный сад. <g1>12+</g1> <t1>16.40</t1> Цветик-семицветик. <g1>12+</g1> <t1>17.00</t1> Крымские дачи. <g1>12+</g1> <t1>17.30</t1> Милости просим. <g1>12+</g1> <t1>18.00</t1> Фитоаптека. <g1>12+</g1> <t1>18.30</t1> Домашняя косметика! <g1>12+</g1> <t1>18.45</t1> Летние работы с Мариной Рыкалиной. <g1>12+</g1> <t1>19.00</t1> Огород от-кутюр. <g1>12+</g1> <t1>19.30</t1> Цветники. <g1>12+</g1> <t1>20.00</t1> Гоpдoсть России. <g1>6+</g1> <t1>20.30</t1> Частный сeктoр. <g1>12+</g1> <t1>21.00</t1> Правила фермера. <g1>12+</g1> <t1>21.30</t1> Сад в радость. <g1>12+</g1> <t1>22.00</t1> Сельский туризм. <g1>12+</g1> <t1>22.30</t1> Цветик-семицветик. <g1>12+</g1> <t1>22.45</t1> Цветик-семицветик. <g1>12+</g1> <t1>23.00</t1> Все срастется. <g1>12+</g1> <t1>23.30</t1> Милости просим. <g1>12+</g1> <t1>00.00</t1> Фитоаптека. <g1>12+</g1> <t1>00.25</t1> Домашняя косметика! <g1>12+</g1> <t1>00.40</t1> Домашняя косметика! <g1>12+</g1> <t1>00.50</t1> Огород от-кутюр. <g1>12+</g1> <t1>01.15</t1> Цветники. <g1>12+</g1> <t1>01.45</t1> Гоpдoсть России. <g1>6+</g1> <t1>02.10</t1> Частный сeктoр. <g1>12+</g1> <t1>02.35</t1> Сельские профессии. <g1>12+</g1> <t1>03.05</t1> Сад своими руками. <g1>12+</g1> <t1>03.30</t1> Секреты травоведа. <g1>12+</g1> <t1>03.40</t1> Секреты травоведа. <g1>12+</g1> <t1>03.55</t1> Ландшафтные эксперименты. <g1>12+</g1> <t1>04.20</t1> Дaчная кухня. <g1>12+</g1> <t1>04.30</t1> Дaчная кухня. <g1>12+</g1> <t1>04.45</t1> Стройплощадка. <g1>12+</g1> <t1>05.10</t1> Агротуризм. <g1>12+</g1> <t1>05.35</t1> Огород круглый год. <g1>12+</g1> <t1>05.45</t1> Огород круглый год. <g1>12+</g1>

<h1>Спас</h1>
<t1>05.00</t1> "День Патриарха". <g1>0+</g1> <t1>05.10</t1> "Дорога". <g1>0+</g1> <t1>06.15</t1> "Встреча". <g1>0+</g1> <t1>07.15</t1> Мультфильмы на СПАСЕ. <g1>0+</g1> <t1>08.00</t1> "Утро на СПАСЕ". <g1>0+</g1> <t1>09.00</t1> "Утро на СПАСЕ". <g1>0+</g1> <t1>10.00</t1> Свидетельницы Воскресения. Документальный фильм. <g1>0+</g1> <t1>11.10</t1> "День Патриарха". <g1>0+</g1> <t1>11.20</t1> "Прямая линия. Ответ священника". С сурдопереводом. <g1>12+</g1> <t1>12.20</t1> "Монастырская кухня". <g1>0+</g1> <t1>12.50</t1> "Монастырская кухня". <g1>0+</g1> <t1>13.20</t1> "Монастырская кухня". <g1>0+</g1> <t1>13.50</t1> Полынь - трава горькая. Художественный фильм. <g1>0+</g1> <t1>15.45</t1> Похищение. Художественный фильм. <g1>0+</g1> <t1>17.35</t1> Дом у большой реки. 1 серия Художественный фильм. <g1>16+</g1> <t1>18.30</t1> "Вечер на СПАСЕ". С сурдопереводом. <g1>0+</g1> <t1>19.30</t1> "Прямая линия. Ответ священника". С сурдопереводом. <g1>12+</g1> <t1>20.30</t1> Феодор Ушаков. Цикл "Святые воины". Документальный фильм. <g1>6+</g1> <t1>21.00</t1> Благословенный остров. Документальный фильм. <g1>0+</g1> <t1>21.50</t1> Морской охотник. Художественный фильм. <g1>12+</g1> <t1>23.15</t1> "Паломница". <g1>12+</g1> <t1>00.15</t1> "День Патриарха". <g1>0+</g1> <t1>00.25</t1> "Русский мир". <g1>12+</g1> <t1>01.05</t1> "Прямая линия. Ответ священника". С сурдопереводом. <g1>12+</g1> <t1>02.00</t1> Феодор Ушаков. Цикл "Святые воины". Документальный фильм. <g1>6+</g1> <t1>02.30</t1> Адмирал Ушаков. Восхождение. Документальный фильм. <g1>6+</g1> <t1>03.15</t1> Биология предательства. Документальный фильм. <g1>12+</g1> <t1>04.10</t1> "Вечер на СПАСЕ". С сурдопереводом. <g1>0+</g1>
</пн>
<вт><h1>History</h1>
<t1>06.00</t1> История без прикрас. <g1>16+</g1> <t1>07.00</t1> Сокровища Петры: в поисках ладана. <g1>12+</g1> <t1>07.55</t1> 100 чудес света. <g1>16+</g1> <t1>08.55</t1> На скалах. <g1>12+</g1> <t1>09.55</t1> Урарту. Забытое царство. <g1>12+</g1> <t1>10.50</t1> Загадки планеты Земля. <g1>16+</g1> <t1>11.35</t1> Загадки планеты Земля. <g1>16+</g1> <t1>12.25</t1> Карты убийств. <g1>16+</g1> <t1>13.15</t1> Карты убийств. <g1>16+</g1> <t1>14.05</t1> Настоящая война престолов. <g1>16+</g1> <t1>15.00</t1> История авиации. <g1>16+</g1> <t1>16.00</t1> Реставрация Нотр-Дама. <g1>12+</g1> <t1>17.00</t1> 100 чудес света. <g1>16+</g1> <t1>18.00</t1> На скалах. <g1>12+</g1> <t1>19.00</t1> Секреты цивилизации. <g1>12+</g1> <t1>20.00</t1> Карты убийств. <g1>16+</g1> <t1>20.50</t1> Карты убийств. <g1>16+</g1> <t1>21.40</t1> История без прикрас. <g1>12+</g1> <t1>22.35</t1> История без прикрас. <g1>12+</g1> <t1>23.35</t1> Загадки планеты Земля. <g1>16+</g1> <t1>00.15</t1> Загадки планеты Земля. <g1>16+</g1> <t1>01.00</t1> На скалах. <g1>12+</g1> <t1>01.55</t1> Урарту. Забытое царство. <g1>12+</g1> <t1>02.45</t1> Карты убийств. <g1>16+</g1> <t1>03.30</t1> Карты убийств. <g1>16+</g1> <t1>04.15</t1> Амазония: исчезнувшая цивилизация джунглей. <g1>16+</g1> <t1>05.10</t1> История без прикрас. <g1>12+</g1>

<h1>Кухня ТВ</h1>
<t1>00.00</t1> "Бразилия на тарелке: Сан-Луис: кухня первопроходцев". <g1>12+</g1> <t1>00.35</t1> "Моя-твоя еда: Медальоны из говядины с салатом из рукколы и помидоров". <g1>6+</g1> <t1>01.00</t1> "Едим дома". <g1>0+</g1> <t1>01.25</t1> "Вкусно как дома". <g1>12+</g1> <t1>01.50</t1> "Курица или яйцо?: Эскалоп из курицы с грибами". <g1>12+</g1> <t1>02.05</t1> "Фанат барбекю". <g1>12+</g1> <t1>02.25</t1> "Фермерская кухня: Похлебка с лесными грибами и хумус из нута". <g1>12+</g1> <t1>02.50</t1> "Северная кухня с Тареком Тейлором". <g1>12+</g1> <t1>03.15</t1> "Рецепт по обмену: Кролик в казане". <g1>12+</g1> <t1>03.40</t1> "Рецепты со всего Света: Круассан". <g1>12+</g1> <t1>03.55</t1> "Детектив Гурман". <g1>12+</g1> <t1>04.40</t1> "Детектив Гурман". <g1>12+</g1> <t1>05.15</t1> "Трескаем: Котлеты из судака и легкий винегрет". <g1>12+</g1> <t1>05.40</t1> "Фермерская кухня: Куриные голени и овощи с особым сметанным соусом". <g1>12+</g1> <t1>06.00</t1> "Едим дома". <g1>0+</g1> <t1>06.30</t1> "Курица или яйцо?: Яичный паштетс домашними пампушками". <g1>12+</g1> <t1>06.45</t1> "Рецепты со всего Света: Паэлья". <g1>12+</g1> <t1>07.00</t1> "Моя-твоя еда: Куриный бон бон с огуречным тартаром и куриный супчик с салатом". <g1>6+</g1> <t1>07.30</t1> "Трескаем: Котлеты из судака и легкий винегрет". <g1>12+</g1> <t1>08.00</t1> "Вкусная Россия с Сергеем Белоголовцевым: Тверь". <g1>12+</g1> <t1>08.30</t1> "Фанат барбекю". <g1>12+</g1> <t1>08.55</t1> "Фермерская кухня: Сырники с ягодами и йогурт с орехами". <g1>12+</g1> <t1>09.20</t1> "Северная кухня с Тареком Тейлором". <g1>12+</g1> <t1>09.55</t1> "Рецепт по обмену: Форшмак". <g1>12+</g1> <t1>10.20</t1> "Детектив Гурман". <g1>12+</g1> <t1>11.10</t1> "Детектив Гурман". <g1>12+</g1> <t1>11.55</t1> "Ешь и худей!" <g1>12+</g1> <t1>12.10</t1> "Евразия: Равиоли с креветкой". <g1>12+</g1> <t1>12.30</t1> "Евразия: Дим-самы с креветкой". <g1>12+</g1> <t1>12.45</t1> "Едим дома". <g1>0+</g1> <t1>13.15</t1> "Вкусно как дома". <g1>12+</g1> <t1>13.40</t1> "Сладкие секреты испанской кухни". <g1>12+</g1> <t1>13.50</t1> "Моя любимая кухня: Фантастический шницель из куриного филе и салат "Цезарь". <g1>12+</g1> <t1>14.15</t1> "Моя любимая кухня: Тальятелле с грибами и тальятелле "Фунги". <g1>12+</g1> <t1>14.45</t1> "Поедем, поедим!: Казань". <g1>12+</g1> <t1>15.40</t1> "Поедем, поедим!: Волгоград". <g1>12+</g1> <t1>16.25</t1> "Рецепт по обмену: Крабовый салат". <g1>12+</g1> <t1>17.00</t1> "Корея Джона Торода". <g1>12+</g1> <t1>17.55</t1> "Сладкие секреты испанской кухни". <g1>12+</g1> <t1>18.00</t1> "Ешь и худей!" <g1>12+</g1> <t1>18.15</t1> "И рыба, и мясо: Осетинский пирог Фыдджин". <g1>12+</g1> <t1>18.35</t1> "И рыба, и мясо: Сашими-салат из филе тунца". <g1>12+</g1> <t1>19.00</t1> "Едим дома". <g1>0+</g1> <t1>19.30</t1> "Кухня с акцентом: Ламаджо и табуле". <g1>12+</g1> <t1>20.00</t1> "Однажды в Италии: Пирог с томатами и сыром. Соус песто". <g1>12+</g1> <t1>20.25</t1> "Однажды в Италии: Франжипан с вишней". <g1>12+</g1> <t1>21.00</t1> Художественный фильм "Пышка". Драма, Комедия. Режиссер: Энн Флетчер. В ролях: Дженнифер Энистон, Одейя Раш. 2018 г. <g1>16+</g1> <t1>22.55</t1> "Ешь и худей!" <g1>12+</g1> <t1>23.10</t1> "Корея Джона Торода". <g1>12+</g1>

<h1>Усадьба</h1>
<t1>06.00</t1> Дачные радости с Мариной Рыкалиной. <g1>12+</g1> <t1>06.25</t1> Садовый доктор. <g1>12+</g1> <t1>06.35</t1> Дачные радости. <g1>12+</g1> <t1>07.00</t1> Домашние заготовки. <g1>12+</g1> <t1>07.15</t1> Домашние заготовки. <g1>12+</g1> <t1>07.30</t1> Искатели приключений. <g1>12+</g1> <t1>07.55</t1> Дачные радости с Мариной Рыкалиной. <g1>12+</g1> <t1>08.20</t1> Дачные радости с Мариной Рыкалиной. <g1>12+</g1> <t1>08.50</t1> Огород круглый год. <g1>12+</g1> <t1>09.20</t1> Обнови свой сад. <g1>12+</g1> <t1>09.50</t1> Домашние заготовки. <g1>12+</g1> <t1>10.05</t1> Домашние заготовки. <g1>12+</g1> <t1>10.20</t1> Моя крепость. <g1>12+</g1> <t1>10.50</t1> Лучки&amp;Пучки. <g1>12+</g1> <t1>11.05</t1> Лучки&amp;Пучки. <g1>12+</g1> <t1>11.20</t1> Правила фермера. <g1>12+</g1> <t1>11.55</t1> Ремонт без правил. <g1>12+</g1> <t1>12.25</t1> Идеальный сад. <g1>12+</g1> <t1>12.55</t1> Цветик-семицветик. <g1>12+</g1> <t1>13.05</t1> Цветик-семицветик. <g1>12+</g1> <t1>13.25</t1> Сад в радость. <g1>12+</g1> <t1>13.55</t1> Крымские дачи. <g1>12+</g1> <t1>14.25</t1> Милости просим. <g1>12+</g1> <t1>14.55</t1> Фитоаптека. <g1>12+</g1> <t1>15.30</t1> Домашняя косметика! <g1>12+</g1> <t1>15.40</t1> Огород от-кутюр. <g1>12+</g1> <t1>16.15</t1> Летние работы с Мариной Рыкалиной. <g1>12+</g1> <t1>16.30</t1> Цветники. <g1>12+</g1> <t1>17.00</t1> Гоpдoсть России. <g1>6+</g1> <t1>17.30</t1> Частный сeктoр. <g1>12+</g1> <t1>18.00</t1> Сад своими руками. <g1>12+</g1> <t1>18.30</t1> Секреты травоведа. <g1>12+</g1> <t1>18.45</t1> Секреты травоведа. <g1>12+</g1> <t1>19.00</t1> Ландшафтные эксперименты. <g1>12+</g1> <t1>19.30</t1> Дaчная кухня. <g1>12+</g1> <t1>19.45</t1> Дaчная кухня. <g1>12+</g1> <t1>20.00</t1> Стройплощадка. <g1>12+</g1> <t1>20.30</t1> Агротуризм. <g1>12+</g1> <t1>21.00</t1> Домашняя косметика! <g1>12+</g1> <t1>21.15</t1> Домашняя косметика! <g1>12+</g1> <t1>21.30</t1> Огород от-кутюр. <g1>12+</g1> <t1>22.00</t1> Цветники. <g1>12+</g1> <t1>22.30</t1> Гоpдoсть России. <g1>6+</g1> <t1>23.00</t1> Частный сeктoр. <g1>12+</g1> <t1>23.30</t1> Сельские профессии. <g1>12+</g1> <t1>00.00</t1> Сад своими руками. <g1>12+</g1> <t1>00.25</t1> Секреты травоведа. <g1>12+</g1> <t1>00.35</t1> Секреты травоведа. <g1>12+</g1> <t1>00.50</t1> Ландшафтные эксперименты. <g1>12+</g1> <t1>01.15</t1> Дaчная кухня. <g1>12+</g1> <t1>01.30</t1> Дaчная кухня. <g1>12+</g1> <t1>01.40</t1> Стройплощадка. <g1>12+</g1> <t1>02.10</t1> Агротуризм. <g1>12+</g1> <t1>02.35</t1> Огород круглый год. <g1>12+</g1> <t1>02.50</t1> Огород круглый год. <g1>12+</g1> <t1>03.00</t1> Дачные радости с Мариной Рыкалиной. <g1>12+</g1> <t1>03.25</t1> Дачные радости с Мариной Рыкалиной. <g1>12+</g1> <t1>03.50</t1> Садовый доктор. <g1>12+</g1> <t1>04.05</t1> Садовый доктор. <g1>12+</g1> <t1>04.15</t1> Дачные радости. <g1>12+</g1> <t1>04.40</t1> Домашние заготовки. <g1>12+</g1> <t1>04.55</t1> Домашние заготовки. <g1>12+</g1> <t1>05.05</t1> Искатели приключений. <g1>12+</g1> <t1>05.35</t1> Сельский туризм. <g1>16+</g1>

<h1>Спас</h1>
<t1>05.00</t1> "День Патриарха". <g1>0+</g1> <t1>05.10</t1> "Дорога". <g1>0+</g1> <t1>06.15</t1> "Встреча". <g1>0+</g1> <t1>07.15</t1> Мультфильмы на СПАСЕ. <g1>0+</g1> <t1>08.00</t1> "Утро на СПАСЕ". <g1>0+</g1> <t1>09.00</t1> "Утро на СПАСЕ". <g1>0+</g1> <t1>10.00</t1> Феодор Ушаков. Цикл "Святые воины". Документальный фильм. <g1>6+</g1> <t1>10.35</t1> Благословенный остров. Документальный фильм. <g1>0+</g1> <t1>11.25</t1> "День Патриарха". <g1>0+</g1> <t1>11.35</t1> "Прямая линия. Ответ священника". С сурдопереводом. <g1>12+</g1> <t1>12.35</t1> "Монастырская кухня". <g1>0+</g1> <t1>13.00</t1> "Монастырская кухня". <g1>0+</g1> <t1>13.30</t1> "Монастырская кухня". <g1>0+</g1> <t1>13.55</t1> "Монастырская кухня". <g1>0+</g1> <t1>14.20</t1> Пламя. 1 серия Художественный фильм. <g1>12+</g1> <t1>16.00</t1> Пламя. 2 серия Художественный фильм. <g1>12+</g1> <t1>17.35</t1> Дом у большой реки. 2 серия Художественный фильм. <g1>16+</g1> <t1>18.30</t1> "Вечер на СПАСЕ". С сурдопереводом. <g1>0+</g1> <t1>19.30</t1> "Прямая линия. Ответ священника". С сурдопереводом. <g1>12+</g1> <t1>20.30</t1> Романовы. Судьба русского Крыма. 1 серия Документальный фильм. <g1>0+</g1> <t1>21.25</t1> Случай в тайге. Художественный фильм. <g1>0+</g1> <t1>23.10</t1> "Паломница". <g1>12+</g1> <t1>00.15</t1> "День Патриарха". <g1>0+</g1> <t1>00.25</t1> "Русский мир". <g1>12+</g1> <t1>01.10</t1> "Прямая линия. Ответ священника". С сурдопереводом. <g1>12+</g1> <t1>02.05</t1> Романовы. Судьба русского Крыма. 1 серия Документальный фильм. <g1>0+</g1> <t1>02.50</t1> Старец. Документальный фильм. <g1>0+</g1> <t1>04.10</t1> "Вечер на СПАСЕ". С сурдопереводом. <g1>0+</g1>
</вт>
<ср><h1>History</h1>
<t1>06.00</t1> История без прикрас. <g1>12+</g1> <t1>06.55</t1> Реставрация Нотр-Дама. <g1>12+</g1> <t1>07.55</t1> 100 чудес света. <g1>16+</g1> <t1>08.55</t1> На скалах. <g1>12+</g1> <t1>09.55</t1> Секреты цивилизации. <g1>12+</g1> <t1>10.50</t1> Загадки планеты Земля. <g1>16+</g1> <t1>11.35</t1> Загадки планеты Земля. <g1>16+</g1> <t1>12.25</t1> Карты убийств. <g1>16+</g1> <t1>13.15</t1> Карты убийств. <g1>16+</g1> <t1>14.05</t1> История авиации. <g1>16+</g1> <t1>15.05</t1> История авиации. <g1>16+</g1> <t1>16.05</t1> Реставрация Нотр-Дама. <g1>12+</g1> <t1>17.05</t1> 100 чудес света. <g1>16+</g1> <t1>18.00</t1> На скалах. <g1>12+</g1> <t1>19.00</t1> Секреты цивилизации. <g1>12+</g1> <t1>20.00</t1> Карты убийств. <g1>16+</g1> <t1>20.50</t1> Карты убийств. <g1>16+</g1> <t1>21.40</t1> История без прикрас. <g1>12+</g1> <t1>22.40</t1> История без прикрас. <g1>12+</g1> <t1>23.40</t1> Загадки планеты Земля. <g1>16+</g1> <t1>00.30</t1> Загадки планеты Земля. <g1>16+</g1> <t1>01.10</t1> На скалах. <g1>12+</g1> <t1>02.05</t1> Секреты цивилизации. <g1>12+</g1> <t1>02.55</t1> Карты убийств. <g1>16+</g1> <t1>03.40</t1> Карты убийств. <g1>16+</g1> <t1>04.25</t1> Отчаянные часы. Очевидцы и выжившие. <g1>16+</g1> <t1>05.05</t1> История без прикрас. <g1>12+</g1>

<h1>Кухня ТВ</h1>
<t1>00.05</t1> "Бразилия на тарелке: Юго-Восток: кухня кофе и молока". <g1>12+</g1> <t1>00.35</t1> "Трескаем: Котлеты из судака и легкий винегрет". <g1>12+</g1> <t1>01.00</t1> "Едим дома". <g1>0+</g1> <t1>01.25</t1> "Вкусная Россия с Сергеем Белоголовцевым: Тверь". <g1>12+</g1> <t1>01.55</t1> "Курица или яйцо?: Яичный паштетс домашними пампушками". <g1>12+</g1> <t1>02.10</t1> "Рецепты со всего Света: Паэлья". <g1>12+</g1> <t1>02.25</t1> "Фанат барбекю". <g1>12+</g1> <t1>02.45</t1> "Фермерская кухня: Сырники с ягодами и йогурт с орехами". <g1>12+</g1> <t1>03.10</t1> "Северная кухня с Тареком Тейлором". <g1>12+</g1> <t1>03.35</t1> "Рецепт по обмену: Форшмак". <g1>12+</g1> <t1>04.00</t1> "Детектив Гурман". <g1>12+</g1> <t1>04.45</t1> "Детектив Гурман". <g1>12+</g1> <t1>05.25</t1> "Фермерская кухня: Запеченные цыплята-корнишоны в азиатском стиле и салат из чечевицы". <g1>12+</g1> <t1>05.50</t1> "Моя любимая кухня: Котлеты из курицы, рыбы и мяса". <g1>12+</g1> <t1>06.15</t1> "Ешь и худей!" <g1>12+</g1> <t1>06.30</t1> "Евразия: Равиоли с креветкой". <g1>12+</g1> <t1>06.45</t1> "Евразия: Дим-самы с креветкой". <g1>12+</g1> <t1>07.00</t1> "Моя любимая кухня: Фантастический шницель из куриного филе и салат "Цезарь". <g1>12+</g1> <t1>07.30</t1> "Моя любимая кухня: Тальятелле с грибами и тальятелле "Фунги". <g1>12+</g1> <t1>08.00</t1> "Едим дома". <g1>0+</g1> <t1>08.30</t1> "Вкусно как дома". <g1>12+</g1> <t1>08.55</t1> "Сладкие секреты испанской кухни". <g1>12+</g1> <t1>09.00</t1> "Поедем, поедим!: Казань". <g1>12+</g1> <t1>09.50</t1> "Поедем, поедим!: Волгоград". <g1>12+</g1> <t1>10.40</t1> "Рецепт по обмену: Крабовый салат". <g1>12+</g1> <t1>11.15</t1> "Корея Джона Торода". <g1>12+</g1> <t1>12.05</t1> "Ешь и худей!" <g1>12+</g1> <t1>12.25</t1> "И рыба, и мясо: Осетинский пирог Фыдджин". <g1>12+</g1> <t1>12.40</t1> "И рыба, и мясо: Сашими-салат из филе тунца". <g1>12+</g1> <t1>13.05</t1> "Едим дома". <g1>0+</g1> <t1>13.35</t1> "Кухня с акцентом: Ламаджо и табуле". <g1>12+</g1> <t1>14.05</t1> "Однажды в Италии: Пирог с томатами и сыром. Соус песто". <g1>12+</g1> <t1>14.35</t1> "Однажды в Италии: Франжипан с вишней". <g1>12+</g1> <t1>15.05</t1> "Поедем, поедим!: Волгоград". <g1>12+</g1> <t1>15.55</t1> "Поедем, поедим!: Башкирия". <g1>12+</g1> <t1>16.45</t1> "Ешь и худей!" <g1>12+</g1> <t1>17.00</t1> "Корея Джона Торода". <g1>12+</g1> <t1>18.00</t1> "Ешь и худей!" <g1>12+</g1> <t1>18.15</t1> "Евразия: Креп-сюзетт по-французски". <g1>12+</g1> <t1>18.35</t1> "Евразия: Тайский блин". <g1>12+</g1> <t1>19.00</t1> "Едим дома". <g1>0+</g1> <t1>19.30</t1> "Вкусно как дома". <g1>12+</g1> <t1>20.00</t1> "Шефы и их тайны". <g1>12+</g1> <t1>20.25</t1> "Шефы и их тайны". <g1>12+</g1> <t1>20.55</t1> "Сладкие секреты испанской кухни". <g1>12+</g1> <t1>21.00</t1> Художественный фильм "Шеф Адам Джонс". Драма, Комедия. Режиссер: Джон Уэллс. В ролях: Брэдли Купер, Сиенна Миллер, Омар Си. 2015 г. <g1>18+</g1> <t1>22.45</t1> "Курица или яйцо?: Яйца по-шотландски". <g1>12+</g1> <t1>23.00</t1> "Корея Джона Торода". <g1>12+</g1> <t1>23.55</t1> "Сладкие секреты испанской кухни". <g1>12+</g1>

<h1>Усадьба</h1>
<t1>06.00</t1> Дачные радости с Мариной Рыкалиной. <g1>12+</g1> <t1>06.25</t1> Огород круглый год. <g1>12+</g1> <t1>06.50</t1> Обнови свой сад. <g1>12+</g1> <t1>07.15</t1> Домашние заготовки. <g1>12+</g1> <t1>07.25</t1> Моя крепость. <g1>12+</g1> <t1>07.55</t1> Лучки&amp;Пучки. <g1>12+</g1> <t1>08.05</t1> Лучки&amp;Пучки. <g1>12+</g1> <t1>08.20</t1> Правила фермера. <g1>12+</g1> <t1>08.55</t1> Ремонт без правил. <g1>12+</g1> <t1>09.20</t1> Идеальный сад. <g1>12+</g1> <t1>09.55</t1> Цветик-семицветик. <g1>12+</g1> <t1>10.05</t1> Цветик-семицветик. <g1>12+</g1> <t1>10.25</t1> Сад в радость. <g1>12+</g1> <t1>10.55</t1> Крымские дачи. <g1>12+</g1> <t1>11.25</t1> Милости просим. <g1>12+</g1> <t1>11.55</t1> Фитоаптека. <g1>12+</g1> <t1>12.30</t1> Домашняя косметика! <g1>12+</g1> <t1>12.40</t1> Домашняя косметика! <g1>12+</g1> <t1>12.55</t1> Огород от-кутюр. <g1>12+</g1> <t1>13.25</t1> Цветники. <g1>12+</g1> <t1>14.00</t1> Летние работы с Мариной Рыкалиной. <g1>12+</g1> <t1>14.15</t1> Гоpдoсть России. <g1>6+</g1> <t1>14.45</t1> Частный сeктoр. <g1>12+</g1> <t1>15.15</t1> Сад своими руками. <g1>12+</g1> <t1>15.45</t1> Секреты травоведа. <g1>12+</g1> <t1>16.00</t1> Секреты травоведа. <g1>12+</g1> <t1>16.15</t1> Ландшафтные эксперименты. <g1>12+</g1> <t1>16.45</t1> Дaчная кухня. <g1>12+</g1> <t1>17.00</t1> Стройплощадка. <g1>12+</g1> <t1>17.30</t1> Агротуризм. <g1>12+</g1> <t1>18.00</t1> Дачные радости с Мариной Рыкалиной. <g1>12+</g1> <t1>18.30</t1> Дачные радости с Мариной Рыкалиной. <g1>12+</g1> <t1>19.00</t1> Садовый доктор. <g1>12+</g1> <t1>19.10</t1> Садовый доктор. <g1>12+</g1> <t1>19.30</t1> Дачные радости. <g1>12+</g1> <t1>20.00</t1> Домашние заготовки. <g1>12+</g1> <t1>20.10</t1> Домашние заготовки. <g1>12+</g1> <t1>20.30</t1> Искатели приключений. <g1>12+</g1> <t1>21.00</t1> Сад своими руками. <g1>12+</g1> <t1>21.30</t1> Секреты травоведа. <g1>12+</g1> <t1>21.45</t1> Секреты травоведа. <g1>12+</g1> <t1>22.00</t1> Ландшафтные эксперименты. <g1>12+</g1> <t1>22.30</t1> Дaчная кухня. <g1>12+</g1> <t1>22.45</t1> Дaчная кухня. <g1>12+</g1> <t1>23.00</t1> Стройплощадка. <g1>12+</g1> <t1>23.30</t1> Агротуризм. <g1>12+</g1> <t1>23.55</t1> Огород круглый год. <g1>12+</g1> <t1>00.10</t1> Огород круглый год. <g1>12+</g1> <t1>00.20</t1> Дачные радости с Мариной Рыкалиной. <g1>12+</g1> <t1>00.45</t1> Дачные радости с Мариной Рыкалиной. <g1>12+</g1> <t1>01.10</t1> Садовый доктор. <g1>12+</g1> <t1>01.25</t1> Садовый доктор. <g1>12+</g1> <t1>01.35</t1> Дачные радости. <g1>12+</g1> <t1>02.00</t1> Домашние заготовки. <g1>12+</g1> <t1>02.15</t1> Искатели приключений. <g1>12+</g1> <t1>02.40</t1> Сельский туризм. <g1>16+</g1> <t1>03.05</t1> Дачные радости с Мариной Рыкалиной. <g1>12+</g1> <t1>03.30</t1> Дачные радости с Мариной Рыкалиной. <g1>12+</g1> <t1>03.55</t1> Огород круглый год. <g1>12+</g1> <t1>04.20</t1> Сельские профессии. <g1>12+</g1> <t1>04.45</t1> Обнови свой сад. <g1>12+</g1> <t1>05.10</t1> Домашние заготовки. <g1>12+</g1> <t1>05.20</t1> Домашние заготовки. <g1>12+</g1> <t1>05.35</t1> Моя крепость. <g1>12+</g1>

<h1>Спас</h1>
<t1>05.00</t1> "День Патриарха". <g1>0+</g1> <t1>05.10</t1> "Дорога". <g1>0+</g1> <t1>06.15</t1> "Встреча". <g1>0+</g1> <t1>07.15</t1> Мультфильмы на СПАСЕ. <g1>0+</g1> <t1>08.00</t1> "Утро на СПАСЕ". <g1>0+</g1> <t1>09.00</t1> "Утро на СПАСЕ". <g1>0+</g1> <t1>10.00</t1> Романовы. Судьба русского Крыма. 1 серия Документальный фильм. <g1>0+</g1> <t1>10.55</t1> "День Патриарха". <g1>0+</g1> <t1>11.05</t1> "Прямая линия. Ответ священника". С сурдопереводом. <g1>12+</g1> <t1>12.00</t1> "Монастырская кухня". <g1>0+</g1> <t1>12.30</t1> "Монастырская кухня". <g1>0+</g1> <t1>12.55</t1> "Монастырская кухня". <g1>0+</g1> <t1>13.25</t1> "Монастырская кухня". <g1>0+</g1> <t1>13.50</t1> Двое в новом доме. Художественный фильм. <g1>0+</g1> <t1>15.30</t1> И жизнь, и слезы, и любовь. Художественный фильм. <g1>6+</g1> <t1>17.35</t1> Дом у большой реки. 3 серия Художественный фильм. <g1>16+</g1> <t1>18.30</t1> "Вечер на СПАСЕ". С сурдопереводом. <g1>0+</g1> <t1>19.30</t1> "Прямая линия. Ответ священника". С сурдопереводом. <g1>12+</g1> <t1>20.30</t1> Романовы. Судьба русского Крыма. 2 серия Документальный фильм. <g1>0+</g1> <t1>21.25</t1> Мы с вами где-то встречались. Художественный фильм. <g1>0+</g1> <t1>23.15</t1> "Паломница". <g1>12+</g1> <t1>00.20</t1> "День Патриарха". <g1>0+</g1> <t1>00.30</t1> "Русский мир". <g1>12+</g1> <t1>01.15</t1> "Прямая линия. Ответ священника". С сурдопереводом. <g1>12+</g1> <t1>02.05</t1> Романовы. Судьба русского Крыма. 2 серия Документальный фильм. <g1>0+</g1> <t1>02.50</t1> "Пилигрим". Дом праведных Иоакима и Анны. <g1>6+</g1> <t1>03.15</t1> Путь в семь с половиной веков. Документальный фильм. <g1>0+</g1> <t1>04.10</t1> "Вечер на СПАСЕ". С сурдопереводом. <g1>0+</g1>
</ср>
<чт><h1>History</h1>
<t1>06.00</t1> История без прикрас. <g1>12+</g1> <t1>07.05</t1> Реставрация Нотр-Дама. <g1>12+</g1> <t1>08.05</t1> 100 чудес света. <g1>16+</g1> <t1>09.05</t1> На скалах. <g1>12+</g1> <t1>10.05</t1> Секреты цивилизации. <g1>12+</g1> <t1>11.00</t1> Загадки планеты Земля. <g1>16+</g1> <t1>11.45</t1> Загадки планеты Земля. <g1>16+</g1> <t1>12.30</t1> Карты убийств. <g1>16+</g1> <t1>13.20</t1> Карты убийств. <g1>16+</g1> <t1>14.10</t1> Настоящая война престолов. <g1>16+</g1> <t1>15.05</t1> История авиации. <g1>16+</g1> <t1>16.05</t1> Реставрация Нотр-Дама. <g1>12+</g1> <t1>17.05</t1> 100 чудес света. <g1>16+</g1> <t1>18.10</t1> Последние секреты человечества. <g1>16+</g1> <t1>19.00</t1> Секреты цивилизации. <g1>12+</g1> <t1>20.00</t1> Карты убийств. <g1>16+</g1> <t1>20.50</t1> Карты убийств. <g1>16+</g1> <t1>21.40</t1> История без прикрас. <g1>12+</g1> <t1>22.35</t1> Камбоджа, Пол Пот и красные кхмеры. <g1>16+</g1> <t1>23.25</t1> Загадки планеты Земля. <g1>16+</g1> <t1>00.10</t1> Загадки планеты Земля. <g1>16+</g1> <t1>01.00</t1> На скалах. <g1>12+</g1> <t1>01.50</t1> Секреты цивилизации. <g1>12+</g1> <t1>02.45</t1> Карты убийств. <g1>16+</g1> <t1>03.30</t1> Карты убийств. <g1>16+</g1> <t1>04.15</t1> Фаберже, сотворение легенды. <g1>16+</g1> <t1>05.10</t1> История без прикрас. <g1>12+</g1>

<h1>Кухня ТВ</h1>
<t1>00.00</t1> "Ешь и худей!" <g1>12+</g1> <t1>00.15</t1> "Евразия: Равиоли с креветкой". <g1>12+</g1> <t1>00.35</t1> "Евразия: Дим-самы с креветкой". <g1>12+</g1> <t1>00.55</t1> "Едим дома". <g1>0+</g1> <t1>01.25</t1> "Вкусно как дома". <g1>12+</g1> <t1>01.45</t1> "Сладкие секреты испанской кухни". <g1>12+</g1> <t1>01.50</t1> "Моя любимая кухня: Фантастический шницель из куриного филе и салат "Цезарь". <g1>12+</g1> <t1>02.15</t1> "Моя любимая кухня: Тальятелле с грибами и тальятелле "Фунги". <g1>12+</g1> <t1>02.35</t1> Художественный фильм "Любовь со вкусом". Драма, Мелодрама, Комедия. Режиссер: Маннин де Вильдт. В ролях: Санне Фогель, Синан Эроглу, Санне Лангелаар. 2022 г. <g1>18+</g1> <t1>04.05</t1> "Рецепт по обмену: Крабовый салат". <g1>12+</g1> <t1>04.35</t1> "Корея Джона Торода". <g1>12+</g1> <t1>05.20</t1> "Моя любимая кухня: Лазанья болоньезе". <g1>12+</g1> <t1>05.45</t1> "Фермерская кухня: Тушеный кролик и гратен из картофеля". <g1>12+</g1> <t1>06.10</t1> "Сладкие секреты испанской кухни". <g1>12+</g1> <t1>06.15</t1> "Ешь и худей!" <g1>12+</g1> <t1>06.30</t1> "И рыба, и мясо: Осетинский пирог Фыдджин". <g1>12+</g1> <t1>06.45</t1> "И рыба, и мясо: Сашими-салат из филе тунца". <g1>12+</g1> <t1>07.00</t1> "Однажды в Италии: Пирог с томатами и сыром. Соус песто". <g1>12+</g1> <t1>07.25</t1> "Однажды в Италии: Франжипан с вишней". <g1>12+</g1> <t1>08.00</t1> "Едим дома". <g1>0+</g1> <t1>08.30</t1> "Кухня с акцентом: Ламаджо и табуле". <g1>12+</g1> <t1>09.00</t1> "Поедем, поедим!: Волгоград". <g1>12+</g1> <t1>09.50</t1> "Поедем, поедим!: Башкирия". <g1>12+</g1> <t1>10.35</t1> "Ешь и худей!" <g1>12+</g1> <t1>10.55</t1> "Корея Джона Торода". <g1>12+</g1> <t1>11.50</t1> "Ешь и худей!" <g1>12+</g1> <t1>12.10</t1> "Евразия: Креп-сюзетт по-французски". <g1>12+</g1> <t1>12.25</t1> "Евразия: Тайский блин". <g1>12+</g1> <t1>12.55</t1> "Едим дома". <g1>0+</g1> <t1>13.25</t1> "Вкусно как дома". <g1>12+</g1> <t1>13.50</t1> "Шефы и их тайны". <g1>12+</g1> <t1>14.20</t1> "Шефы и их тайны". <g1>12+</g1> <t1>14.45</t1> "Сладкие секреты испанской кухни". <g1>12+</g1> <t1>14.50</t1> "Поедем, поедим!: Башкирия". <g1>12+</g1> <t1>15.40</t1> "Поедем, поедим!: Самара". <g1>12+</g1> <t1>16.30</t1> "Курица или яйцо?: Яйца по-шотландски". <g1>12+</g1> <t1>16.45</t1> "Рецепты со всего Света: Перец". <g1>12+</g1> <t1>17.05</t1> "Корея Джона Торода". <g1>12+</g1> <t1>18.00</t1> "Ешь и худей!" <g1>12+</g1> <t1>18.15</t1> "И рыба, и мясо: Мясной торт". <g1>12+</g1> <t1>18.35</t1> "И рыба, и мясо: Сибас в ароматной соли". <g1>12+</g1> <t1>18.55</t1> "Сладкие секреты испанской кухни". <g1>12+</g1> <t1>19.00</t1> "Едим дома". <g1>0+</g1> <t1>19.30</t1> "Кухня с акцентом: Бохча и салат из красной фасоли с курицей". <g1>12+</g1> <t1>20.00</t1> "Кулинарная кругосветка". <g1>12+</g1> <t1>20.25</t1> "Кулинарная кругосветка". <g1>12+</g1> <t1>20.55</t1> "Сладкие секреты испанской кухни". <g1>12+</g1> <t1>21.00</t1> Художественный фильм "Принцесса специй". Драма, Мелодрама. Режиссер: Пол Маеда Берджес. В ролях: Айшвария Рай Баччан, Дилан МакДермотт, Нитин Чандра Ганатра. 2005 г. <g1>16+</g1> <t1>22.40</t1> "Правильный фастфуд: Индия". <g1>12+</g1> <t1>23.10</t1> "Корея Джона Торода". <g1>12+</g1>

<h1>Усадьба</h1>
<t1>06.00</t1> Лучки&amp;Пучки. <g1>12+</g1> <t1>06.15</t1> Лучки&amp;Пучки. <g1>12+</g1> <t1>06.25</t1> Правила фермера. <g1>12+</g1> <t1>06.50</t1> Идеальный сад. <g1>12+</g1> <t1>07.15</t1> Цветик-семицветик. <g1>12+</g1> <t1>07.30</t1> Сад в радость. <g1>12+</g1> <t1>07.55</t1> Крымские дачи. <g1>12+</g1> <t1>08.25</t1> Милости просим. <g1>12+</g1> <t1>08.55</t1> Фитоаптека. <g1>12+</g1> <t1>09.25</t1> Домашняя косметика! <g1>12+</g1> <t1>09.40</t1> Домашняя косметика! <g1>12+</g1> <t1>09.55</t1> Огород от-кутюр. <g1>12+</g1> <t1>10.25</t1> Цветники. <g1>12+</g1> <t1>10.55</t1> Гоpдoсть России. <g1>6+</g1> <t1>11.25</t1> Частный сeктoр. <g1>12+</g1> <t1>12.00</t1> Летние работы с Мариной Рыкалиной. <g1>12+</g1> <t1>12.15</t1> Сад своими руками. <g1>12+</g1> <t1>12.45</t1> Секреты травоведа. <g1>12+</g1> <t1>13.00</t1> Секреты травоведа. <g1>12+</g1> <t1>13.15</t1> Ландшафтные эксперименты. <g1>12+</g1> <t1>13.50</t1> Дaчная кухня. <g1>12+</g1> <t1>14.00</t1> Дaчная кухня. <g1>12+</g1> <t1>14.15</t1> Стройплощадка. <g1>12+</g1> <t1>14.50</t1> Агротуризм. <g1>12+</g1> <t1>15.20</t1> Дачные радости с Мариной Рыкалиной. <g1>12+</g1> <t1>15.50</t1> Дачные радости с Мариной Рыкалиной. <g1>12+</g1> <t1>16.20</t1> Садовый доктор. <g1>12+</g1> <t1>16.30</t1> Садовый доктор. <g1>12+</g1> <t1>16.45</t1> Дачные радости. <g1>12+</g1> <t1>17.15</t1> Домашние заготовки. <g1>12+</g1> <t1>17.30</t1> Искатели приключений. <g1>12+</g1> <t1>18.00</t1> Дaчныe радости с Мариной Pыкалиной. <g1>12+</g1> <t1>18.30</t1> Дачные радости с Мариной Рыкалиной. <g1>12+</g1> <t1>19.00</t1> Огород круглый год. <g1>12+</g1> <t1>19.30</t1> Высокая кухня с Касымычем. <g1>12+</g1> <t1>20.00</t1> Домашние заготовки. <g1>12+</g1> <t1>20.10</t1> Домашние заготовки. <g1>12+</g1> <t1>20.25</t1> Моя крепость. <g1>12+</g1> <t1>21.00</t1> Дачные радости с Мариной Рыкалиной. <g1>12+</g1> <t1>21.25</t1> Дачные радости с Мариной Рыкалиной. <g1>12+</g1> <t1>21.55</t1> Садовый доктор. <g1>12+</g1> <t1>22.10</t1> Садовый доктор. <g1>12+</g1> <t1>22.25</t1> Дачные радости. <g1>12+</g1> <t1>22.55</t1> Домашние заготовки. <g1>12+</g1> <t1>23.05</t1> Домашние заготовки. <g1>12+</g1> <t1>23.25</t1> Искатели приключений. <g1>12+</g1> <t1>23.55</t1> Сельский туризм. <g1>16+</g1> <t1>00.20</t1> Дачные радости с Мариной Рыкалиной. <g1>12+</g1> <t1>00.45</t1> Дачные радости с Мариной Рыкалиной. <g1>12+</g1> <t1>01.05</t1> Огород круглый год. <g1>12+</g1> <t1>01.30</t1> Сельские профессии. <g1>12+</g1> <t1>02.00</t1> Обнови свой сад. <g1>12+</g1> <t1>02.25</t1> Домашние заготовки. <g1>12+</g1> <t1>02.35</t1> Моя крепость. <g1>12+</g1> <t1>03.00</t1> Правила фермера. <g1>12+</g1> <t1>03.25</t1> Ремонт без правил. <g1>12+</g1> <t1>03.50</t1> Идеальный сад. <g1>12+</g1> <t1>04.20</t1> Огород круглый год. <g1>12+</g1> <t1>04.30</t1> Огород круглый год. <g1>12+</g1> <t1>04.45</t1> Цветик-семицветик. <g1>12+</g1> <t1>04.55</t1> Цветик-семицветик. <g1>12+</g1> <t1>05.10</t1> Крымские дачи. <g1>12+</g1> <t1>05.35</t1> Милости просим. <g1>12+</g1>

<h1>Спас</h1>
<t1>05.00</t1> "День Патриарха". <g1>0+</g1> <t1>05.10</t1> "Дорога". <g1>0+</g1> <t1>06.15</t1> "Встреча". <g1>0+</g1> <t1>07.15</t1> Мультфильмы на СПАСЕ. <g1>0+</g1> <t1>08.00</t1> "Утро на СПАСЕ". <g1>0+</g1> <t1>09.00</t1> "Утро на СПАСЕ". <g1>0+</g1> <t1>10.00</t1> Романовы. Судьба русского Крыма. 2 серия Документальный фильм. <g1>0+</g1> <t1>10.55</t1> "День Патриарха". <g1>0+</g1> <t1>11.05</t1> "Прямая линия. Ответ священника". С сурдопереводом. <g1>12+</g1> <t1>12.05</t1> "Монастырская кухня". <g1>0+</g1> <t1>12.35</t1> "Монастырская кухня". <g1>0+</g1> <t1>13.00</t1> "Монастырская кухня". <g1>0+</g1> <t1>13.30</t1> И жизнь, и слезы, и любовь. Художественный фильм. <g1>6+</g1> <t1>15.35</t1> Последняя жертва. Художественный фильм. <g1>12+</g1> <t1>17.35</t1> Дом у большой реки. 4 серия Художественный фильм. <g1>16+</g1> <t1>18.30</t1> "Вечер на СПАСЕ". С сурдопереводом. <g1>0+</g1> <t1>19.30</t1> "Прямая линия. Ответ священника". С сурдопереводом. <g1>12+</g1> <t1>20.30</t1> Романовы. Судьба русского Крыма. 3 серия Документальный фильм. <g1>0+</g1> <t1>21.25</t1> Максимка. Художественный фильм. <g1>0+</g1> <t1>23.00</t1> "Паломница". <g1>12+</g1> <t1>00.15</t1> "День Патриарха". <g1>0+</g1> <t1>00.25</t1> "Русский мир". <g1>12+</g1> <t1>01.05</t1> "Прямая линия. Ответ священника". С сурдопереводом. <g1>12+</g1> <t1>02.00</t1> Романовы. Судьба русского Крыма. 3 серия Документальный фильм. <g1>0+</g1> <t1>02.45</t1> За отцом в Антарктиду. Документальный фильм. <g1>0+</g1> <t1>04.10</t1> "Вечер на СПАСЕ". С сурдопереводом. <g1>0+</g1>
</чт>
<пт><h1>History</h1>
<t1>06.00</t1> Камбоджа, Пол Пот и красные кхмеры. <g1>16+</g1> <t1>07.00</t1> Реставрация Нотр-Дама. <g1>12+</g1> <t1>08.00</t1> 100 чудес света. <g1>16+</g1> <t1>09.00</t1> Последние секреты человечества. <g1>16+</g1> <t1>09.55</t1> Секреты цивилизации. <g1>12+</g1> <t1>10.55</t1> Загадки планеты Земля. <g1>16+</g1> <t1>11.35</t1> Загадки планеты Земля. <g1>16+</g1> <t1>12.25</t1> Карты убийств. <g1>16+</g1> <t1>13.15</t1> Карты убийств. <g1>16+</g1> <t1>14.00</t1> Осада Мальты: воины Господа. <g1>16+</g1> <t1>15.00</t1> Осада Мальты: воины Господа. <g1>16+</g1> <t1>16.00</t1> Римские мегасооружения. <g1>12+</g1> <t1>17.00</t1> 100 чудес света. <g1>16+</g1> <t1>18.00</t1> Последние секреты человечества. <g1>16+</g1> <t1>19.00</t1> Расцвет древних цивилизаций. <g1>16+</g1> <t1>20.00</t1> Карты убийств. <g1>16+</g1> <t1>20.50</t1> Карты убийств. <g1>16+</g1> <t1>21.40</t1> Королевские династии и войны. <g1>12+</g1> <t1>22.35</t1> Королевские династии и войны. <g1>12+</g1> <t1>23.40</t1> Загадки планеты Земля. <g1>16+</g1> <t1>00.25</t1> Загадки планеты Земля. <g1>16+</g1> <t1>01.00</t1> Последние секреты человечества. <g1>16+</g1> <t1>01.50</t1> Секреты цивилизации. <g1>12+</g1> <t1>02.40</t1> Карты убийств. <g1>16+</g1> <t1>03.25</t1> Карты убийств. <g1>16+</g1> <t1>04.10</t1> Гарри и Меган: Новая королевская жизнь. <g1>16+</g1> <t1>05.10</t1> Королевские династии и войны. <g1>12+</g1>

<h1>Кухня ТВ</h1>
<t1>00.00</t1> "Ешь и худей!" <g1>12+</g1> <t1>00.20</t1> "И рыба, и мясо: Осетинский пирог Фыдджин". <g1>12+</g1> <t1>00.35</t1> "И рыба, и мясо: Сашими-салат из филе тунца". <g1>12+</g1> <t1>01.00</t1> "Едим дома". <g1>0+</g1> <t1>01.25</t1> "Кухня с акцентом: Ламаджо и табуле". <g1>12+</g1> <t1>01.50</t1> "Однажды в Италии: Пирог с томатами и сыром. Соус песто". <g1>12+</g1> <t1>02.15</t1> "Однажды в Италии: Франжипан с вишней". <g1>12+</g1> <t1>02.40</t1> Художественный фильм "Пышка". Драма, Комедия. Режиссер: Энн Флетчер. В ролях: Дженнифер Энистон, Одейя Раш. 2018 г. <g1>16+</g1> <t1>04.25</t1> "Ешь и худей!" <g1>12+</g1> <t1>04.40</t1> "Корея Джона Торода". <g1>12+</g1> <t1>05.25</t1> "Моя-твоя еда: Запеканка из свиной рульки с картофелем". <g1>6+</g1> <t1>05.50</t1> "Трескаем: Скоблянка рыбная и креветки пиль пиль". <g1>12+</g1> <t1>06.10</t1> "Ешь и худей!" <g1>12+</g1> <t1>06.25</t1> "Евразия: Креп-сюзетт по-французски". <g1>12+</g1> <t1>06.40</t1> "Евразия: Тайский блин". <g1>12+</g1> <t1>07.00</t1> "Шефы и их тайны". <g1>12+</g1> <t1>07.30</t1> "Шефы и их тайны". <g1>12+</g1> <t1>08.00</t1> "Едим дома". <g1>0+</g1> <t1>08.30</t1> "Вкусно как дома". <g1>12+</g1> <t1>08.50</t1> "Сладкие секреты испанской кухни". <g1>12+</g1> <t1>08.55</t1> "Поедем, поедим!: Башкирия". <g1>12+</g1> <t1>09.45</t1> "Поедем, поедим!: Самара". <g1>12+</g1> <t1>10.35</t1> "Курица или яйцо?: Яйца по-шотландски". <g1>12+</g1> <t1>10.55</t1> "Корея Джона Торода". <g1>12+</g1> <t1>11.50</t1> "Сладкие секреты испанской кухни". <g1>12+</g1> <t1>11.55</t1> "Ешь и худей!" <g1>12+</g1> <t1>12.15</t1> "И рыба, и мясо: Мясной торт". <g1>12+</g1> <t1>12.30</t1> "И рыба, и мясо: Сибас в ароматной соли". <g1>12+</g1> <t1>12.50</t1> "Едим дома". <g1>0+</g1> <t1>13.20</t1> "Кухня с акцентом: Бохча и салат из красной фасоли с курицей". <g1>12+</g1> <t1>13.50</t1> "Кулинарная кругосветка". <g1>12+</g1> <t1>14.15</t1> "Кулинарная кругосветка". <g1>12+</g1> <t1>14.45</t1> "Сладкие секреты испанской кухни". <g1>12+</g1> <t1>14.55</t1> "Поедем, поедим!: Самара". <g1>12+</g1> <t1>15.45</t1> "Поедем, поедим!: Горный Алтай". <g1>12+</g1> <t1>16.35</t1> "Правильный фастфуд: Индия". <g1>12+</g1> <t1>17.00</t1> "Корея Джона Торода". <g1>12+</g1> <t1>17.50</t1> "Сладкие секреты испанской кухни". <g1>12+</g1> <t1>18.00</t1> "Ешь и худей!" <g1>12+</g1> <t1>18.15</t1> "Евразия: Жульен". <g1>12+</g1> <t1>18.35</t1> "Евразия: Острые древесные грибы". <g1>12+</g1> <t1>18.50</t1> "Сладкие секреты испанской кухни". <g1>12+</g1> <t1>19.00</t1> "Едим дома". <g1>0+</g1> <t1>19.30</t1> "Вкусно как дома". <g1>12+</g1> <t1>20.00</t1> "Король гриля: Бургер "Гулливер". Салат Коул Слоу". <g1>12+</g1> <t1>20.25</t1> "Ели у Емели: Запеканка из картофеля с треской и салат из кальмаров". <g1>12+</g1> <t1>20.55</t1> "Сладкие секреты испанской кухни". <g1>12+</g1> <t1>21.00</t1> "Вокруг света с Ману Филделом". <g1>6+</g1> <t1>21.50</t1> "Курица или яйцо?: Киш лорен". <g1>12+</g1> <t1>22.10</t1> "Курица или яйцо?: Шакшука". <g1>12+</g1> <t1>22.25</t1> "Рецепт по обмену: Рыбный рулет". <g1>12+</g1> <t1>23.00</t1> "Корея Джона Торода". <g1>12+</g1>

<h1>Усадьба</h1>
<t1>06.00</t1> Сад в радость. <g1>12+</g1> <t1>06.25</t1> Домашняя косметика! <g1>12+</g1> <t1>06.40</t1> Огород от-кутюр. <g1>12+</g1> <t1>07.05</t1> Цветники. <g1>12+</g1> <t1>07.30</t1> Гоpдoсть России. <g1>6+</g1> <t1>07.55</t1> Частный сeктoр. <g1>12+</g1> <t1>08.25</t1> Сад своими руками. <g1>12+</g1> <t1>08.55</t1> Секреты травоведа. <g1>12+</g1> <t1>09.05</t1> Секреты травоведа. <g1>12+</g1> <t1>09.25</t1> Ландшафтные эксперименты. <g1>12+</g1> <t1>09.55</t1> Летние работы с Мариной Рыкалиной. <g1>12+</g1> <t1>10.10</t1> Дaчная кухня. <g1>12+</g1> <t1>10.25</t1> Дaчная кухня. <g1>12+</g1> <t1>10.40</t1> Стройплощадка. <g1>12+</g1> <t1>11.15</t1> Агротуризм. <g1>12+</g1> <t1>11.45</t1> Лучки&amp;Пучки. <g1>12+</g1> <t1>11.55</t1> Лучки&amp;Пучки. <g1>12+</g1> <t1>12.10</t1> Дачные радости с Мариной Рыкалиной. <g1>12+</g1> <t1>12.40</t1> Дачные радости с Мариной Рыкалиной. <g1>12+</g1> <t1>13.15</t1> Садовый доктор. <g1>12+</g1> <t1>13.25</t1> Садовый доктор. <g1>12+</g1> <t1>13.40</t1> Дачные радости. <g1>12+</g1> <t1>14.10</t1> Домашние заготовки. <g1>12+</g1> <t1>14.25</t1> Искатели приключений. <g1>12+</g1> <t1>15.00</t1> Дaчныe радости с Мариной Pыкалиной. <g1>12+</g1> <t1>15.25</t1> Дачные радости с Мариной Рыкалиной. <g1>12+</g1> <t1>15.55</t1> Огород круглый год. <g1>12+</g1> <t1>16.25</t1> Высокая кухня с Касымычем. <g1>12+</g1> <t1>17.00</t1> Домашние заготовки. <g1>12+</g1> <t1>17.10</t1> Домашние заготовки. <g1>12+</g1> <t1>17.30</t1> Моя крепость. <g1>12+</g1> <t1>18.00</t1> Правила фермера. <g1>12+</g1> <t1>18.30</t1> Ремонт без правил. <g1>12+</g1> <t1>19.05</t1> Идеальный сад. <g1>12+</g1> <t1>19.35</t1> Мастер-садовод. <g1>12+</g1> <t1>19.45</t1> Мастер-садовод. <g1>12+</g1> <t1>20.05</t1> Крымские дачи. <g1>12+</g1> <t1>20.35</t1> Милости просим. <g1>12+</g1> <t1>21.05</t1> Дачные радости с Мариной Рыкалиной. <g1>12+</g1> <t1>21.30</t1> Огород круглый год. <g1>12+</g1> <t1>22.05</t1> Сельские профессии. <g1>12+</g1> <t1>22.30</t1> Обнови свой сад. <g1>12+</g1> <t1>23.05</t1> Домашние заготовки. <g1>12+</g1> <t1>23.15</t1> Домашние заготовки. <g1>12+</g1> <t1>23.30</t1> Моя крепость. <g1>12+</g1> <t1>00.00</t1> Правила фермера. <g1>12+</g1> <t1>00.25</t1> Ремонт без правил. <g1>12+</g1> <t1>00.50</t1> Идеальный сад. <g1>12+</g1> <t1>01.15</t1> Цветик-семицветик. <g1>12+</g1> <t1>01.30</t1> Цветик-семицветик. <g1>12+</g1> <t1>01.45</t1> Крымские дачи. <g1>12+</g1> <t1>02.10</t1> Огород круглый год. <g1>12+</g1> <t1>02.20</t1> Огород круглый год. <g1>12+</g1> <t1>02.35</t1> Милости просим. <g1>12+</g1> <t1>03.00</t1> Фитоаптека. <g1>12+</g1> <t1>03.25</t1> Домашняя косметика! <g1>12+</g1> <t1>03.40</t1> Домашняя косметика! <g1>12+</g1> <t1>03.50</t1> Сельский туризм. <g1>16+</g1> <t1>04.20</t1> Цветники. <g1>12+</g1> <t1>04.45</t1> Гоpдoсть России. <g1>6+</g1> <t1>05.10</t1> Частный сeктoр. <g1>12+</g1> <t1>05.35</t1> Сельские профессии. <g1>16+</g1>

<h1>Спас</h1>
<t1>05.00</t1> "День Патриарха". <g1>0+</g1> <t1>05.10</t1> "Дорога". <g1>0+</g1> <t1>06.15</t1> "Встреча". <g1>0+</g1> <t1>07.15</t1> Мультфильмы на СПАСЕ. <g1>0+</g1> <t1>08.00</t1> "Утро на СПАСЕ". <g1>0+</g1> <t1>09.00</t1> "Утро на СПАСЕ". <g1>0+</g1> <t1>10.00</t1> Романовы. Судьба русского Крыма. 3 серия Документальный фильм. <g1>0+</g1> <t1>10.55</t1> "День Патриарха". <g1>0+</g1> <t1>11.05</t1> "Прямая линия. Ответ священника". С сурдопереводом. <g1>12+</g1> <t1>12.05</t1> "Монастырская кухня". <g1>0+</g1> <t1>12.35</t1> "Монастырская кухня". <g1>0+</g1> <t1>13.00</t1> "Монастырская кухня". <g1>0+</g1> <t1>13.30</t1> "Монастырская кухня". <g1>0+</g1> <t1>13.55</t1> Последняя жертва. Художественный фильм. <g1>12+</g1> <t1>15.55</t1> Двое в новом доме. Художественный фильм. <g1>0+</g1> <t1>17.35</t1> Дом у большой реки. 5 серия Художественный фильм. <g1>16+</g1> <t1>18.30</t1> "Вечер на СПАСЕ". С сурдопереводом. <g1>0+</g1> <t1>19.30</t1> Святые целители. Святой великомученик и целитель Пантелеимон. <g1>0+</g1> <t1>20.00</t1> Курск. Плечом к плечу. Документальный фильм. <g1>16+</g1> <t1>20.35</t1> Курск 112. Пятая стихия. Документальный фильм. <g1>16+</g1> <t1>21.20</t1> Один шанс из тысячи. Художественный фильм. <g1>12+</g1> <t1>23.00</t1> "Русский ковчег с Яном Таксюром". <g1>12+</g1> <t1>00.00</t1> "Паломница". <g1>12+</g1> <t1>00.55</t1> "Паломница". <g1>12+</g1> <t1>01.50</t1> "Паломница". <g1>12+</g1> <t1>02.45</t1> "Паломница". <g1>12+</g1> <t1>03.45</t1> Святые целители. Святой великомученик и целитель Пантелеимон. <g1>0+</g1> <t1>04.10</t1> "Русский ковчег с Яном Таксюром". <g1>12+</g1>
</пт>
<сб><h1>History</h1>
<t1>06.25</t1> Отчаянные часы. Очевидцы и выжившие. <g1>16+</g1> <t1>06.50</t1> Карты убийств. <g1>16+</g1> <t1>07.40</t1> Карты убийств. <g1>16+</g1> <t1>08.25</t1> Карты убийств. <g1>16+</g1> <t1>09.15</t1> Загадки планеты Земля. <g1>16+</g1> <t1>10.00</t1> Загадки планеты Земля. <g1>16+</g1> <t1>10.50</t1> Загадки планеты Земля. <g1>16+</g1> <t1>11.35</t1> Загадки планеты Земля. <g1>16+</g1> <t1>12.20</t1> Загадки планеты Земля. <g1>16+</g1> <t1>13.05</t1> Секреты цивилизации. <g1>12+</g1> <t1>14.05</t1> Секреты цивилизации. <g1>12+</g1> <t1>15.05</t1> Секреты цивилизации. <g1>12+</g1> <t1>16.05</t1> Урарту. Забытое царство. <g1>12+</g1> <t1>17.00</t1> Челюскин. Задание императора. <g1>16+</g1> <t1>18.00</t1> Гагарин. Второй виток вокруг Земли. <g1>12+</g1> <t1>18.45</t1> Дикий и удивительный мир Илона Маска. <g1>12+</g1> <t1>19.50</t1> История авиации. <g1>16+</g1> <t1>20.50</t1> История авиации. <g1>16+</g1> <t1>21.50</t1> История авиации. <g1>16+</g1> <t1>22.50</t1> История без прикрас. <g1>16+</g1> <t1>23.55</t1> История без прикрас. <g1>16+</g1> <t1>00.50</t1> История без прикрас. <g1>12+</g1> <t1>01.40</t1> История без прикрас. <g1>12+</g1> <t1>02.30</t1> История без прикрас. <g1>12+</g1> <t1>03.25</t1> Карты убийств. <g1>16+</g1> <t1>04.10</t1> Реставрация Нотр-Дама. <g1>12+</g1> <t1>05.05</t1> Реставрация Нотр-Дама. <g1>12+</g1>

<h1>Кухня ТВ</h1>
<t1>00.00</t1> "Ешь и худей!" <g1>12+</g1> <t1>00.15</t1> "Евразия: Креп-сюзетт по-французски". <g1>12+</g1> <t1>00.30</t1> "Евразия: Тайский блин". <g1>12+</g1> <t1>00.55</t1> "Едим дома". <g1>0+</g1> <t1>01.25</t1> "Вкусно как дома". <g1>12+</g1> <t1>01.50</t1> "Шефы и их тайны". <g1>12+</g1> <t1>02.15</t1> "Шефы и их тайны". <g1>12+</g1> <t1>02.35</t1> "Сладкие секреты испанской кухни". <g1>12+</g1> <t1>02.40</t1> Художественный фильм "Шеф Адам Джонс". Драма, Комедия. Режиссер: Джон Уэллс. В ролях: Брэдли Купер, Сиенна Миллер, Омар Си. 2015 г. <g1>18+</g1> <t1>04.15</t1> "Курица или яйцо?: Яйца по-шотландски". <g1>12+</g1> <t1>04.30</t1> "Корея Джона Торода". <g1>12+</g1> <t1>05.15</t1> "Трескаем: Кальмар на гриле и салат коул слоу по-японски". <g1>12+</g1> <t1>05.40</t1> "Моя-твоя еда: Медальоны из говядины с салатом из рукколы и помидоров". <g1>6+</g1> <t1>06.05</t1> "Ешь и худей!" <g1>12+</g1> <t1>06.20</t1> "И рыба, и мясо: Мясной торт". <g1>12+</g1> <t1>06.35</t1> "И рыба, и мясо: Сибас в ароматной соли". <g1>12+</g1> <t1>06.50</t1> "Сладкие секреты испанской кухни". <g1>12+</g1> <t1>07.00</t1> "Кухня с акцентом: Бохча и салат из красной фасоли с курицей". <g1>12+</g1> <t1>07.30</t1> "Правильный фастфуд: Индия". <g1>12+</g1> <t1>08.00</t1> "Едим дома". <g1>0+</g1> <t1>08.30</t1> "Кулинарная кругосветка". <g1>12+</g1> <t1>08.55</t1> "Кулинарная кругосветка". <g1>12+</g1> <t1>09.20</t1> "Поедем, поедим!: Самара". <g1>12+</g1> <t1>10.10</t1> "Поедем, поедим!: Горный Алтай". <g1>12+</g1> <t1>11.00</t1> "Фермерская кухня: Куриные голени и овощи с особым сметанным соусом". <g1>12+</g1> <t1>11.30</t1> "Фермерская кухня: Куриные крылья, салат из тыквы, редиса и копченой курицы". <g1>12+</g1> <t1>11.55</t1> "Король гриля. Шашлычный курс: Шашлык по ГОСТу". <g1>12+</g1> <t1>12.25</t1> "Король гриля. Шашлычный курс: Шашлык из свиной вырезки в кефире". <g1>12+</g1> <t1>12.55</t1> "Трескаем: Дорадо на гриле с овощами. Овощной салат микс". <g1>12+</g1> <t1>13.25</t1> "Трескаем: Жареный карась. Салат с пшеном и лососем". <g1>12+</g1> <t1>13.50</t1> "Фермерская кухня: Тушеный кролик и гратен из картофеля". <g1>12+</g1> <t1>14.20</t1> "Король гриля. Шашлычный курс: Куриные голени в сметане". <g1>12+</g1> <t1>14.45</t1> "Король гриля. Шашлычный курс: Овощной шашлык". <g1>12+</g1> <t1>15.15</t1> "Про мясо: Шашлык из баранины на косточке. Noisette d'agneau (бараньи орешки)". <g1>12+</g1> <t1>15.45</t1> "Трескаем: Рыба папильот. Паштет из горбуши". <g1>12+</g1> <t1>16.15</t1> "Трескаем: Филе лосося на гриле. Салат "Весенний". <g1>12+</g1> <t1>16.40</t1> "Король гриля. Шашлычный курс: Шашлык из куриной грудки". <g1>12+</g1> <t1>17.10</t1> "Король гриля. Шашлычный курс: Свиной шашлык в белом вине". <g1>12+</g1> <t1>17.40</t1> "Рецепты со всего Света: Паста". <g1>12+</g1> <t1>18.00</t1> "Ешь и худей!" <g1>12+</g1> <t1>18.15</t1> "И рыба, и мясо: Буррито". <g1>12+</g1> <t1>18.35</t1> "И рыба, и мясо: Рулет из палтуса". <g1>12+</g1> <t1>19.00</t1> "Едим дома". <g1>0+</g1> <t1>19.30</t1> "Кухня с акцентом: Торт "Микадо", мороженое с фруктами и кофе по-армянски". <g1>12+</g1> <t1>20.00</t1> "Вкус праздника: Жареные перепелки и булочки с зеленым маслом". <g1>12+</g1> <t1>20.25</t1> "Фанат барбекю". <g1>12+</g1> <t1>20.50</t1> "Сладкие секреты испанской кухни". <g1>12+</g1> <t1>21.00</t1> "Фермерская кухня: Икра из патиссонов с гренками и салатиз огурцов". <g1>12+</g1> <t1>21.25</t1> "Северная кухня с Тареком Тейлором". <g1>12+</g1> <t1>22.00</t1> "Песня грузинской кухни: Хачапури по-мегрельски и имеретински, чанахи и окрошка". <g1>6+</g1> <t1>22.30</t1> "Детектив Гурман". <g1>12+</g1> <t1>23.20</t1> "Детектив Гурман". <g1>12+</g1>

<h1>Усадьба</h1>
<t1>06.00</t1> Дачные радости с Мариной Рыкалиной. <g1>12+</g1> <t1>06.25</t1> Дачные радости с Мариной Рыкалиной. <g1>12+</g1> <t1>06.50</t1> Садовый доктор. <g1>12+</g1> <t1>07.00</t1> Садовый доктор. <g1>12+</g1> <t1>07.15</t1> Дачные радости. <g1>12+</g1> <t1>07.40</t1> Искатели приключений. <g1>12+</g1> <t1>08.05</t1> Домашняя косметика! <g1>12+</g1> <t1>08.25</t1> Домашние заготовки. <g1>12+</g1> <t1>08.35</t1> Домашние заготовки. <g1>12+</g1> <t1>08.55</t1> Сельский туризм. <g1>16+</g1> <t1>09.25</t1> Дачные радости с Мариной Рыкалиной. <g1>12+</g1> <t1>09.50</t1> Дачные радости с Мариной Рыкалиной. <g1>12+</g1> <t1>10.25</t1> Домашние заготовки. <g1>12+</g1> <t1>10.35</t1> Домашние заготовки. <g1>12+</g1> <t1>10.50</t1> Огород круглый год. <g1>12+</g1> <t1>11.20</t1> Высокая кухня с Касымычем. <g1>12+</g1> <t1>11.55</t1> Мастер-садовод. <g1>12+</g1> <t1>12.05</t1> Мастер-садовод. <g1>12+</g1> <t1>12.20</t1> Моя крепость. <g1>12+</g1> <t1>12.55</t1> Правила фермера. <g1>12+</g1> <t1>13.25</t1> Летние работы с Мариной Рыкалиной. <g1>12+</g1> <t1>13.40</t1> Домашняя косметика! <g1>12+</g1> <t1>13.55</t1> Ремонт без правил. <g1>12+</g1> <t1>14.25</t1> Идеальный сад. <g1>12+</g1> <t1>14.55</t1> Секреты травоведа. <g1>12+</g1> <t1>15.10</t1> Секреты травоведа. <g1>12+</g1> <t1>15.25</t1> Крымские дачи. <g1>12+</g1> <t1>15.55</t1> Милости просим. <g1>12+</g1> <t1>16.30</t1> Дaчная кухня. <g1>12+</g1> <t1>16.40</t1> Дaчная кухня. <g1>12+</g1> <t1>16.55</t1> Фитоаптека. <g1>12+</g1> <t1>17.25</t1> Огород от-кутюр. <g1>12+</g1> <t1>18.00</t1> Садовый доктор. <g1>12+</g1> <t1>18.10</t1> Садовый доктор. <g1>12+</g1> <t1>18.25</t1> Цветники. <g1>12+</g1> <t1>19.00</t1> Гоpдoсть России. <g1>6+</g1> <t1>19.30</t1> Домашние заготовки. <g1>12+</g1> <t1>19.45</t1> Домашние заготовки. <g1>12+</g1> <t1>20.00</t1> Частный сeктoр. <g1>12+</g1> <t1>20.30</t1> Сад своими руками. <g1>12+</g1> <t1>21.00</t1> Домашние заготовки. <g1>12+</g1> <t1>21.10</t1> Домашние заготовки. <g1>12+</g1> <t1>21.30</t1> Ландшафтные эксперименты. <g1>12+</g1> <t1>22.00</t1> Стройплощадка. <g1>12+</g1> <t1>22.30</t1> Мастер-садовод. <g1>12+</g1> <t1>22.40</t1> Мастер-садовод. <g1>12+</g1> <t1>23.00</t1> Агротуризм. <g1>12+</g1> <t1>23.30</t1> Дачные радости с Мариной Рыкалиной. <g1>12+</g1> <t1>23.55</t1> Домашняя косметика! <g1>12+</g1> <t1>00.10</t1> Домашняя косметика! <g1>12+</g1> <t1>00.20</t1> Дачные радости с Мариной Рыкалиной. <g1>12+</g1> <t1>00.45</t1> Дачные радости с Мариной Рыкалиной. <g1>12+</g1> <t1>01.10</t1> Сельские профессии. <g1>16+</g1> <t1>01.35</t1> Секреты травоведа. <g1>12+</g1> <t1>01.45</t1> Секреты травоведа. <g1>12+</g1> <t1>02.00</t1> Дачные радости с Мариной Рыкалиной. <g1>12+</g1> <t1>02.25</t1> Огород круглый год. <g1>12+</g1> <t1>02.50</t1> Дaчная кухня. <g1>12+</g1> <t1>03.05</t1> Дaчная кухня. <g1>12+</g1> <t1>03.15</t1> Высокая кухня с Касымычем. <g1>12+</g1> <t1>03.40</t1> Моя крепость. <g1>12+</g1> <t1>04.05</t1> Садовый доктор. <g1>12+</g1> <t1>04.20</t1> Садовый доктор. <g1>12+</g1> <t1>04.30</t1> Правила фермера. <g1>12+</g1> <t1>04.55</t1> Домашние заготовки. <g1>12+</g1> <t1>05.10</t1> Обнови свой сад. <g1>12+</g1> <t1>05.35</t1> Агротуризм. <g1>12+</g1>

<h1>Спас</h1>
<t1>05.00</t1> "День Патриарха". <g1>0+</g1> <t1>05.10</t1> Свидетельницы Воскресения. Документальный фильм. <g1>0+</g1> <t1>06.20</t1> Благословенный остров. Документальный фильм. <g1>0+</g1> <t1>07.10</t1> Святые целители. Святой великомученик и целитель Пантелеимон. <g1>0+</g1> <t1>07.40</t1> Мультфильмы на СПАСЕ. <g1>0+</g1> <t1>09.00</t1> "Простые чудеса". <g1>12+</g1> <t1>10.00</t1> "Пилигрим". По местам Царственных страстотерпцев. <g1>6+</g1> <t1>10.35</t1> "Пилигрим". По местам Царственных страстотерпцев. <g1>6+</g1> <t1>11.05</t1> "Святыни России". <g1>6+</g1> <t1>12.10</t1> "Монастырская кухня". <g1>0+</g1> <t1>12.40</t1> "Монастырская кухня". <g1>0+</g1> <t1>13.05</t1> "Монастырская кухня". <g1>0+</g1> <t1>13.35</t1> "Монастырская кухня". <g1>0+</g1> <t1>14.00</t1> "Монастырская кухня". <g1>0+</g1> <t1>14.30</t1> "В поисках Бога". <g1>12+</g1> <t1>15.00</t1> "Профессор Осипов". <g1>0+</g1> <t1>15.30</t1> Дом у большой реки. 1 серия Художественный фильм. <g1>16+</g1> <t1>16.25</t1> Дом у большой реки. 2 серия Художественный фильм. <g1>16+</g1> <t1>17.20</t1> Дом у большой реки. 3 серия Художественный фильм. <g1>16+</g1> <t1>18.15</t1> Дом у большой реки. 4 серия Художественный фильм. <g1>16+</g1> <t1>19.10</t1> Дом у большой реки. 5 серия Художественный фильм. <g1>16+</g1> <t1>20.05</t1> Дом у большой реки. 6 серия Художественный фильм. <g1>16+</g1> <t1>21.00</t1> "Простые чудеса". <g1>12+</g1> <t1>22.00</t1> "Русский мир". <g1>12+</g1> <t1>23.05</t1> "Бесогон". Авторская программа Никиты Михалкова. <g1>18+</g1> <t1>00.15</t1> Смоленская икона Божией Матери. Цикл Лики Богородицы. Документальный фильм. <g1>0+</g1> <t1>00.45</t1> Преподобный Серафим Саровский. Цикл День Ангела. Документальный фильм. <g1>0+</g1> <t1>01.25</t1> "Пилигрим". По местам Царственных страстотерпцев. <g1>6+</g1> <t1>02.00</t1> "Пилигрим". По местам Царственных страстотерпцев. <g1>6+</g1> <t1>02.25</t1> "В поисках Бога". <g1>12+</g1> <t1>02.50</t1> "Профессор Осипов". <g1>0+</g1> <t1>03.15</t1> "Русский мир". <g1>12+</g1> <t1>04.10</t1> "Простые чудеса". <g1>12+</g1>
</сб>
<вс><h1>History</h1>
<t1>06.05</t1> Великое освоение Сибири. Кочевники во времени. <g1>12+</g1> <t1>07.00</t1> Карты убийств. <g1>16+</g1> <t1>07.50</t1> Карты убийств. <g1>16+</g1> <t1>08.35</t1> Карты убийств. <g1>16+</g1> <t1>09.25</t1> Загадки планеты Земля. <g1>16+</g1> <t1>10.10</t1> Загадки планеты Земля. <g1>16+</g1> <t1>11.00</t1> Загадки планеты Земля. <g1>16+</g1> <t1>11.40</t1> Загадки планеты Земля. <g1>16+</g1> <t1>12.25</t1> Загадки планеты Земля. <g1>16+</g1> <t1>13.10</t1> Карты убийств. <g1>16+</g1> <t1>14.00</t1> Карты убийств. <g1>16+</g1> <t1>14.55</t1> Последние секреты человечества. <g1>16+</g1> <t1>15.40</t1> Последние секреты человечества. <g1>16+</g1> <t1>16.40</t1> Империи серебра. <g1>16+</g1> <t1>17.50</t1> Империи серебра. <g1>16+</g1> <t1>18.55</t1> Империи серебра. <g1>16+</g1> <t1>20.00</t1> Настоящая война престолов. <g1>16+</g1> <t1>20.50</t1> Настоящая война престолов. <g1>16+</g1> <t1>21.45</t1> Рождение роскоши. <g1>12+</g1> <t1>22.45</t1> История без прикрас. <g1>12+</g1> <t1>23.45</t1> История без прикрас. <g1>12+</g1> <t1>00.40</t1> Камбоджа, Пол Пот и красные кхмеры. <g1>16+</g1> <t1>01.25</t1> Королевские династии и войны. <g1>12+</g1> <t1>02.15</t1> Королевские династии и войны. <g1>12+</g1> <t1>03.10</t1> Карты убийств. <g1>16+</g1> <t1>03.55</t1> Реставрация Нотр-Дама. <g1>12+</g1> <t1>04.50</t1> Сокровища Петры: в поисках ладана. <g1>12+</g1>

<h1>Кухня ТВ</h1>
<t1>00.00</t1> "Ешь и худей!" <g1>12+</g1> <t1>00.20</t1> "И рыба, и мясо: Мясной торт". <g1>12+</g1> <t1>00.40</t1> "И рыба, и мясо: Сибас в ароматной соли". <g1>12+</g1> <t1>00.55</t1> "Сладкие секреты испанской кухни". <g1>12+</g1> <t1>01.05</t1> "Едим дома". <g1>0+</g1> <t1>01.30</t1> "Кухня с акцентом: Бохча и салат из красной фасоли с курицей". <g1>12+</g1> <t1>01.55</t1> "Кулинарная кругосветка". <g1>12+</g1> <t1>02.15</t1> "Кулинарная кругосветка". <g1>12+</g1> <t1>02.40</t1> Художественный фильм "Принцесса специй". Драма, Мелодрама. Режиссер: Пол Маеда Берджес. В ролях: Айшвария Рай Баччан, Дилан МакДермотт, Нитин Чандра Ганатра. 2005 г. <g1>16+</g1> <t1>04.10</t1> "Правильный фастфуд: Индия". <g1>12+</g1> <t1>04.30</t1> "Корея Джона Торода". <g1>12+</g1> <t1>05.15</t1> "Сладкие секреты испанской кухни". <g1>12+</g1> <t1>05.25</t1> "Моя-твоя еда: Куриный бон бон с огуречным тартаром и куриный супчик с салатом". <g1>6+</g1> <t1>05.50</t1> "Трескаем: Котлеты из судака и легкий винегрет". <g1>12+</g1> <t1>06.15</t1> "Евразия: Жульен". <g1>12+</g1> <t1>06.30</t1> "Ешь и худей!" <g1>12+</g1> <t1>06.45</t1> "Евразия: Острые древесные грибы". <g1>12+</g1> <t1>07.00</t1> "Король гриля: Бургер "Гулливер". Салат Коул Слоу". <g1>12+</g1> <t1>07.25</t1> "Ели у Емели: Запеканка из картофеля с треской и салат из кальмаров". <g1>12+</g1> <t1>08.00</t1> "Едим дома". <g1>0+</g1> <t1>08.30</t1> "Вкусно как дома". <g1>12+</g1> <t1>08.50</t1> "Сладкие секреты испанской кухни". <g1>12+</g1> <t1>08.55</t1> "Вокруг света с Ману Филделом". <g1>6+</g1> <t1>09.50</t1> "Курица или яйцо?: Киш лорен". <g1>12+</g1> <t1>10.05</t1> "Курица или яйцо?: Шакшука". <g1>12+</g1> <t1>10.25</t1> "Рецепт по обмену: Рыбный рулет". <g1>12+</g1> <t1>10.50</t1> "Сладкие секреты испанской кухни". <g1>12+</g1> <t1>11.00</t1> "Фермерская кухня: Шашлык из свиной шеи и салат из огурца". <g1>12+</g1> <t1>11.25</t1> "Фермерская кухня: Запеченные цыплята-корнишоны в азиатском стиле и салат из чечевицы". <g1>12+</g1> <t1>11.55</t1> "Король гриля. Шашлычный курс: Джунь ши каучуань из телятины". <g1>12+</g1> <t1>12.25</t1> "Король гриля. Шашлычный курс: Шашлык из куриных крыльев". <g1>12+</g1> <t1>12.55</t1> "Трескаем: Кальмар на гриле и салат коул слоу по-японски". <g1>12+</g1> <t1>13.20</t1> "Трескаем: Суп из сайры и салат из морской капусты". <g1>12+</g1> <t1>13.50</t1> "Про мясо: Свиные ребра барбекю. Крылышки барбекю. Соус для глазировки". <g1>12+</g1> <t1>14.20</t1> "Король гриля. Шашлычный курс: Свиной шашлык в трех маринадах". <g1>12+</g1> <t1>14.45</t1> "Фермерская кухня: Говяжьи ребра с нутом и картофель по-фермерски". <g1>12+</g1> <t1>15.15</t1> "Фермерская кухня: Куриные голени и овощи с особым сметанным соусом". <g1>12+</g1> <t1>15.45</t1> "Король гриля. Шашлычный курс: Ямайские Джерки из курицы на мангале". <g1>12+</g1> <t1>16.15</t1> "Трескаем: Балык экмек. Морковь по-корейски". <g1>12+</g1> <t1>16.40</t1> "Фермерская кухня: Цыпленок фаршированный сухофруктами с соусом из слив". <g1>12+</g1> <t1>17.10</t1> "Фермерская кухня: Куриные голени и овощи с особым сметанным соусом". <g1>12+</g1> <t1>17.40</t1> "Рецепты со всего Света: Паэлья". <g1>12+</g1> <t1>18.00</t1> "Ешь и худей!" <g1>12+</g1> <t1>18.15</t1> "Праздничная битва: Пирзола на гриле". <g1>12+</g1> <t1>18.35</t1> "Праздничная битва: Мимоза". <g1>12+</g1> <t1>19.00</t1> "Едим дома". <g1>0+</g1> <t1>19.30</t1> "Вкусно как дома". <g1>12+</g1> <t1>20.00</t1> "Вкус праздника: Ленивая селедка под шубой и рыбный пирог". <g1>12+</g1> <t1>20.25</t1> "Фанат барбекю". <g1>12+</g1> <t1>20.55</t1> "Фермерская кухня: Очень вкусный гуляш". <g1>12+</g1> <t1>21.25</t1> "Северная кухня с Тареком Тейлором". <g1>12+</g1> <t1>22.00</t1> "Песня грузинской кухни: Вареники с сулугуни, шкмерули и чвиштари". <g1>6+</g1> <t1>22.30</t1> "Детектив Гурман". <g1>12+</g1> <t1>23.25</t1> "Детектив Гурман". <g1>12+</g1>

<h1>Усадьба</h1>
<t1>06.00</t1> Мастер-садовод. <g1>12+</g1> <t1>06.15</t1> Мастер-садовод. <g1>12+</g1> <t1>06.25</t1> Цветники. <g1>12+</g1> <t1>06.50</t1> Домашняя косметика! <g1>12+</g1> <t1>07.05</t1> Домашняя косметика! <g1>12+</g1> <t1>07.15</t1> Гоpдoсть России. <g1>6+</g1> <t1>07.40</t1> Частный сeктoр. <g1>12+</g1> <t1>08.10</t1> Сельские профессии. <g1>12+</g1> <t1>08.40</t1> Секреты травоведа. <g1>12+</g1> <t1>08.55</t1> Секреты травоведа. <g1>12+</g1> <t1>09.10</t1> Сад своими руками. <g1>12+</g1> <t1>09.40</t1> Ландшафтные эксперименты. <g1>12+</g1> <t1>10.10</t1> Дaчная кухня. <g1>12+</g1> <t1>10.25</t1> Дaчная кухня. <g1>12+</g1> <t1>10.40</t1> Стройплощадка. <g1>12+</g1> <t1>11.10</t1> Агротуризм. <g1>12+</g1> <t1>11.45</t1> Садовый доктор. <g1>12+</g1> <t1>11.55</t1> Садовый доктор. <g1>12+</g1> <t1>12.10</t1> Дачные радости с Мариной Рыкалиной. <g1>12+</g1> <t1>12.40</t1> Дачные радости с Мариной Рыкалиной. <g1>12+</g1> <t1>13.10</t1> Домашние заготовки. <g1>12+</g1> <t1>13.25</t1> Домашние заготовки. <g1>12+</g1> <t1>13.40</t1> Дачные радости. <g1>12+</g1> <t1>14.15</t1> Искатели приключений. <g1>12+</g1> <t1>14.45</t1> Домашние заготовки. <g1>12+</g1> <t1>14.55</t1> Домашние заготовки. <g1>12+</g1> <t1>15.10</t1> Дачные радости с Мариной Рыкалиной. <g1>12+</g1> <t1>15.40</t1> Дачные радости с Мариной Рыкалиной. <g1>12+</g1> <t1>16.10</t1> Мастер-садовод. <g1>12+</g1> <t1>16.25</t1> Мастер-садовод. <g1>12+</g1> <t1>16.40</t1> Огород круглый год. <g1>12+</g1> <t1>17.10</t1> Высокая кухня с Касымычем. <g1>12+</g1> <t1>17.40</t1> Домашняя косметика! <g1>12+</g1> <t1>17.55</t1> Домашняя косметика! <g1>12+</g1> <t1>18.10</t1> Моя крепость. <g1>12+</g1> <t1>18.40</t1> Правила фермера. <g1>12+</g1> <t1>19.15</t1> Секреты травоведа. <g1>12+</g1> <t1>19.25</t1> Секреты травоведа. <g1>12+</g1> <t1>19.40</t1> Ремонт без правил. <g1>12+</g1> <t1>20.15</t1> Идеальный сад. <g1>12+</g1> <t1>20.45</t1> Дaчная кухня. <g1>12+</g1> <t1>20.55</t1> Дaчная кухня. <g1>12+</g1> <t1>21.10</t1> Летние работы с Мариной Рыкалиной. <g1>12+</g1> <t1>21.25</t1> Крымские дачи. <g1>12+</g1> <t1>22.00</t1> Милости просим. <g1>12+</g1> <t1>22.30</t1> Садовый доктор. <g1>12+</g1> <t1>22.40</t1> Садовый доктор. <g1>12+</g1> <t1>22.55</t1> Фитоаптека. <g1>12+</g1> <t1>23.25</t1> Огород от-кутюр. <g1>12+</g1> <t1>23.55</t1> Домашние заготовки. <g1>12+</g1> <t1>00.05</t1> Домашние заготовки. <g1>12+</g1> <t1>00.20</t1> Цветники. <g1>12+</g1> <t1>00.45</t1> Агротуризм. <g1>12+</g1> <t1>01.10</t1> Сельский туризм. <g1>12+</g1> <t1>01.35</t1> Домашние заготовки. <g1>12+</g1> <t1>01.50</t1> Домашние заготовки. <g1>12+</g1> <t1>02.00</t1> Садовый доктор. <g1>12+</g1> <t1>02.15</t1> Садовый доктор. <g1>12+</g1> <t1>02.25</t1> Частный сeктoр. <g1>12+</g1> <t1>02.50</t1> Сад своими руками. <g1>12+</g1> <t1>03.15</t1> Мастер-садовод. <g1>12+</g1> <t1>03.30</t1> Мастер-садовод. <g1>12+</g1> <t1>03.40</t1> Ландшафтные эксперименты. <g1>12+</g1> <t1>04.05</t1> Стройплощадка. <g1>12+</g1> <t1>04.30</t1> Домашняя косметика! <g1>12+</g1> <t1>04.45</t1> Агротуризм. <g1>12+</g1> <t1>05.10</t1> Дачные радости с Мариной Рыкалиной. <g1>12+</g1> <t1>05.35</t1> Секреты травоведа. <g1>12+</g1> <t1>05.45</t1> Секреты травоведа. <g1>12+</g1>

<h1>Спас</h1>
<t1>05.00</t1> "Новый Завет вслух". <g1>0+</g1> <t1>05.20</t1> "Профессор Осипов". <g1>0+</g1> <t1>05.50</t1> "Пилигрим". По местам Царственных страстотерпцев. <g1>6+</g1> <t1>06.25</t1> "Пилигрим". По местам Царственных страстотерпцев. <g1>6+</g1> <t1>06.55</t1> "Святыни России". <g1>6+</g1> <t1>08.00</t1> Новодевичий монастырь. 500 лет истории. Документальный фильм. <g1>0+</g1> <t1>09.00</t1> "Простые чудеса". <g1>12+</g1> <t1>10.00</t1> Божественная литургия. Прямая трансляция. <g1>0+</g1> <t1>12.45</t1> "В поисках святого города". <g1>0+</g1> <t1>13.20</t1> "В поисках святого города". <g1>0+</g1> <t1>13.55</t1> Смоленская икона Божией Матери. Цикл Лики Богородицы. Документальный фильм. <g1>0+</g1> <t1>14.30</t1> Святитель Феофан Затворник. Цикл День Ангела. Документальный фильм. <g1>0+</g1> <t1>15.00</t1> "Русский мир". <g1>12+</g1> <t1>16.10</t1> В последнюю очередь. Художественный фильм. <g1>0+</g1> <t1>20.00</t1> "Бесогон". Авторская программа Никиты Михалкова. <g1>18+</g1> <t1>21.15</t1> "Парсуна. С Владимиром Легойдой". <g1>6+</g1> <t1>22.15</t1> Без права на провал. Художественный фильм. <g1>12+</g1> <t1>23.50</t1> "День Патриарха". <g1>0+</g1> <t1>00.00</t1> "Глобус православия". <g1>12+</g1> <t1>00.50</t1> "Глобус православия". <g1>12+</g1> <t1>03.15</t1> "Парсуна. С Владимиром Легойдой". <g1>6+</g1> <t1>04.00</t1> "В поисках святого города". <g1>0+</g1> <t1>04.30</t1> "В поисках святого города". <g1>0+</g1>
</вс></Познавательные></Кабельные></Каналы>