<?xml version="1.0" encoding="utf-8" standalone="yes" ?>
<Каналы><Кабельные><Детские><пн><h1>Карусель</h1>
<t1>05.00</t1> Ранние пташки. "Цып-цып", "Малышарики", "Синий трактор". <g1>0+</g1> <t1>07.00</t1> "С добрым утром, малыши!" <g1>0+</g1> <t1>07.35</t1> "Три кота". Мультсериал. <g1>0+</g1> <t1>10.15</t1> "Робокар Поли и его друзья". Мультсериал. <g1>0+</g1> <t1>10.30</t1> "Супер Крылья. Электрические герои". Мультсериал. <g1>0+</g1> <t1>10.45</t1> "Джи-Джи Бонд: Супергонщик". Мультсериал. <g1>6+</g1> <t1>11.00</t1> "Ми-Ми-Мишки". Мультсериал. <g1>0+</g1> <t1>13.30</t1> "Карбот". Мультсериал. <g1>6+</g1> <t1>14.00</t1> "Инфинити Надо". Мультсериал. <g1>6+</g1> <t1>14.30</t1> "Простоквашино". Мультсериал. <g1>0+</g1> <t1>16.00</t1> Час "Союзмультфильма". <g1>6+</g1> <t1>17.00</t1> "Край Бебис. Волшебные слезки". Мультсериал. <g1>0+</g1> <t1>17.05</t1> "ЛОЛ Сюрпрайз. Дорожное путешествие". Мультсериал. <g1>6+</g1> <t1>17.20</t1> "Мастер Витя и Мотор". Мультсериал. <g1>0+</g1> <t1>18.45</t1> <m1>"Денискины рассказы"</m1>. Телесериал. <g1>6+</g1> <t1>19.05</t1> "Маша и Медведь". Мультсериал. <g1>0+</g1> <t1>21.00</t1> "Спокойной ночи, малыши!" <g1>0+</g1> <t1>21.20</t1> "Царевны". Мультсериал. <g1>0+</g1> <t1>22.35</t1> "Дикие скричеры!" Мультсериал. <g1>6+</g1> <t1>23.00</t1> "Приключения Пети и Волка". Мультсериал. <g1>12+</g1> <t1>00.30</t1> "Фиксики". Мультсериал. <g1>0+</g1> <t1>02.00</t1> "Лекс и Плу. Космические таксисты". Мультсериал. <g1>6+</g1> <t1>03.30</t1> "Смешарики". Мультсериал. <g1>0+</g1>

<h1>Детский мир</h1>
<t1>06.00</t1> "Тоботы". <g1>6+</g1> <t1>06.20</t1> "Цветняшки". <g1>0+</g1> <t1>06.25</t1> "Цветняшки". <g1>0+</g1> <t1>06.35</t1> "Цветняшки". <g1>0+</g1> <t1>06.40</t1> "Котенок Шмяк". <g1>0+</g1> <t1>06.50</t1> "Котенок Шмяк". <g1>0+</g1> <t1>07.00</t1> "Котенок Шмяк". <g1>0+</g1> <t1>07.10</t1> "Котенок Шмяк". <g1>0+</g1> <t1>07.25</t1> "Пакман в мире привидений". <g1>6+</g1> <t1>07.50</t1> "Ювик с планеты Ю". <g1>12+</g1> <t1>07.55</t1> "Корги по имени Моко". <g1>6+</g1> <t1>08.05</t1> "Корги по имени Моко". <g1>6+</g1> <t1>08.15</t1> "Корги по имени Моко". <g1>6+</g1> <t1>08.25</t1> "Край Бебис Мэджик Тирс". <g1>0+</g1> <t1>08.30</t1> "Край Бебис Мэджик Тирс". <g1>0+</g1> <t1>08.35</t1> "Край Бебис Мэджик Тирс". <g1>0+</g1> <t1>08.45</t1> "Тобот Атлон". <g1>6+</g1> <t1>08.55</t1> "Тобот Атлон". <g1>6+</g1> <t1>09.05</t1> "Тобот Атлон". <g1>6+</g1> <t1>09.20</t1> "Смарта и чудо-сумка". <g1>0+</g1> <t1>09.30</t1> "Смарта и чудо-сумка". <g1>0+</g1> <t1>09.40</t1> "Смарта и чудо-сумка". <g1>0+</g1> <t1>09.55</t1> "Волчонок Сиа: Страж Великой стены воинов". <g1>6+</g1> <t1>10.10</t1> "Шмяк". <g1>0+</g1> <t1>10.20</t1> "Команда Флоры". <g1>6+</g1> <t1>10.30</t1> "Команда Флоры". <g1>6+</g1> <t1>10.45</t1> "Карбот". <g1>6+</g1> <t1>11.00</t1> "Карбот". <g1>6+</g1> <t1>11.15</t1> "Диностер". <g1>6+</g1> <t1>11.30</t1> "Диностер". <g1>6+</g1> <t1>11.40</t1> "Диностер". <g1>6+</g1> <t1>12.00</t1> "Тоботы". <g1>6+</g1> <t1>12.20</t1> "Цветняшки". <g1>0+</g1> <t1>12.25</t1> "Цветняшки". <g1>0+</g1> <t1>12.35</t1> "Цветняшки". <g1>0+</g1> <t1>12.40</t1> "Котенок Шмяк". <g1>0+</g1> <t1>12.50</t1> "Котенок Шмяк". <g1>0+</g1> <t1>13.00</t1> "Котенок Шмяк". <g1>0+</g1> <t1>13.10</t1> "Котенок Шмяк". <g1>0+</g1> <t1>13.25</t1> "Пакман в мире привидений". <g1>6+</g1> <t1>13.50</t1> "Забезу". <g1>0+</g1> <t1>13.55</t1> "Корги по имени Моко". <g1>6+</g1> <t1>14.05</t1> "Корги по имени Моко". <g1>6+</g1> <t1>14.15</t1> "Корги по имени Моко". <g1>6+</g1> <t1>14.25</t1> "Край Бебис Мэджик Тирс". <g1>0+</g1> <t1>14.30</t1> "Край Бебис Мэджик Тирс". <g1>0+</g1> <t1>14.35</t1> "Край Бебис Мэджик Тирс". <g1>0+</g1> <t1>14.45</t1> "Диностер". <g1>6+</g1> <t1>14.55</t1> "Диностер". <g1>6+</g1> <t1>15.10</t1> "Диностер". <g1>6+</g1> <t1>15.25</t1> "Тобот Атлон". <g1>6+</g1> <t1>15.40</t1> "Тобот Атлон". <g1>6+</g1> <t1>15.50</t1> "Тобот Атлон". <g1>6+</g1> <t1>16.05</t1> "Смарта и чудо-сумка". <g1>0+</g1> <t1>16.15</t1> "Смарта и чудо-сумка". <g1>0+</g1> <t1>16.25</t1> "Смарта и чудо-сумка". <g1>0+</g1> <t1>16.40</t1> "Волчонок Сиа: Страж Великой стены воинов". <g1>6+</g1> <t1>16.55</t1> "Шмяк". <g1>0+</g1> <t1>17.05</t1> "Команда Флоры". <g1>6+</g1> <t1>17.15</t1> "Команда Флоры". <g1>6+</g1> <t1>17.30</t1> "Карбот". <g1>6+</g1> <t1>17.45</t1> "Карбот". <g1>6+</g1> <t1>18.00</t1> "Тоботы". <g1>6+</g1> <t1>18.20</t1> "Цветняшки". <g1>0+</g1> <t1>18.25</t1> "Цветняшки". <g1>0+</g1> <t1>18.35</t1> "Цветняшки". <g1>0+</g1> <t1>18.40</t1> "Котенок Шмяк". <g1>0+</g1> <t1>18.50</t1> "Котенок Шмяк". <g1>0+</g1> <t1>19.00</t1> "Котенок Шмяк". <g1>0+</g1> <t1>19.10</t1> "Котенок Шмяк". <g1>0+</g1> <t1>19.25</t1> "Пакман в мире привидений". <g1>6+</g1> <t1>19.50</t1> "Ювик с планеты Ю". <g1>12+</g1> <t1>19.55</t1> "Корги по имени Моко". <g1>6+</g1> <t1>20.05</t1> "Корги по имени Моко". <g1>6+</g1> <t1>20.15</t1> "Корги по имени Моко". <g1>6+</g1> <t1>20.25</t1> "Край Бебис Мэджик Тирс". <g1>0+</g1> <t1>20.30</t1> "Край Бебис Мэджик Тирс". <g1>0+</g1> <t1>20.35</t1> "Край Бебис Мэджик Тирс". <g1>0+</g1> <t1>20.45</t1> "Тобот Атлон". <g1>6+</g1> <t1>20.55</t1> "Тобот Атлон". <g1>6+</g1> <t1>21.05</t1> "Тобот Атлон". <g1>6+</g1> <t1>21.20</t1> "Смарта и чудо-сумка". <g1>0+</g1> <t1>21.30</t1> "Смарта и чудо-сумка". <g1>0+</g1> <t1>21.40</t1> "Смарта и чудо-сумка". <g1>0+</g1> <t1>21.55</t1> "Бабушкины Сказки". <g1>12+</g1> <t1>22.05</t1> "Granny's Fairytales". <g1>12+</g1> <t1>22.20</t1> "Команда Флоры". <g1>6+</g1> <t1>22.30</t1> "Команда Флоры". <g1>6+</g1> <t1>22.45</t1> "Карбот". <g1>6+</g1> <t1>23.00</t1> "Карбот". <g1>6+</g1> <t1>23.15</t1> "Диностер". <g1>6+</g1> <t1>23.30</t1> "Диностер". <g1>6+</g1> <t1>23.40</t1> "Диностер". <g1>6+</g1> <t1>00.00</t1> "Тоботы". <g1>6+</g1> <t1>00.20</t1> "Цветняшки". <g1>0+</g1> <t1>00.25</t1> "Цветняшки". <g1>0+</g1> <t1>00.35</t1> "Цветняшки". <g1>0+</g1> <t1>00.40</t1> "Котенок Шмяк". <g1>0+</g1> <t1>00.50</t1> "Котенок Шмяк". <g1>0+</g1> <t1>01.00</t1> "Котенок Шмяк". <g1>0+</g1> <t1>01.10</t1> "Котенок Шмяк". <g1>0+</g1> <t1>01.25</t1> "Пакман в мире привидений". <g1>6+</g1> <t1>01.50</t1> "Забезу". <g1>0+</g1> <t1>01.55</t1> "Корги по имени Моко". <g1>6+</g1> <t1>02.05</t1> "Корги по имени Моко". <g1>6+</g1> <t1>02.15</t1> "Корги по имени Моко". <g1>6+</g1> <t1>02.25</t1> "Край Бебис Мэджик Тирс". <g1>0+</g1> <t1>02.30</t1> "Край Бебис Мэджик Тирс". <g1>0+</g1> <t1>02.35</t1> "Край Бебис Мэджик Тирс". <g1>0+</g1> <t1>02.45</t1> "Диностер". <g1>6+</g1> <t1>02.55</t1> "Диностер". <g1>6+</g1> <t1>03.10</t1> "Диностер". <g1>6+</g1> <t1>03.25</t1> "Тобот Атлон". <g1>6+</g1> <t1>03.40</t1> "Тобот Атлон". <g1>6+</g1> <t1>03.50</t1> "Тобот Атлон". <g1>6+</g1> <t1>04.05</t1> "Смарта и чудо-сумка". <g1>0+</g1> <t1>04.15</t1> "Смарта и чудо-сумка". <g1>0+</g1> <t1>04.25</t1> "Смарта и чудо-сумка". <g1>0+</g1> <t1>04.40</t1> "Волчонок Сиа: Страж Великой стены воинов". <g1>6+</g1> <t1>04.55</t1> "Шмяк". <g1>0+</g1> <t1>05.05</t1> "Команда Флоры". <g1>6+</g1> <t1>05.15</t1> "Команда Флоры". <g1>6+</g1> <t1>05.30</t1> "Карбот". <g1>6+</g1> <t1>05.45</t1> "Карбот". <g1>6+</g1>
</пн>
<вт><h1>Карусель</h1>
<t1>05.00</t1> Ранние пташки. "Цып-цып", "Малышарики", "Синий трактор". <g1>0+</g1> <t1>07.00</t1> "С добрым утром, малыши!" <g1>0+</g1> <t1>07.35</t1> "Три кота". Мультсериал. <g1>0+</g1> <t1>10.15</t1> "Робокар Поли и его друзья". Мультсериал. <g1>0+</g1> <t1>10.30</t1> "Супер Крылья. Электрические герои". Мультсериал. <g1>0+</g1> <t1>10.45</t1> "Джи-Джи Бонд: Супергонщик". Мультсериал. <g1>6+</g1> <t1>11.00</t1> "Ми-Ми-Мишки". Мультсериал. <g1>0+</g1> <t1>13.30</t1> "Карбот". Мультсериал. <g1>6+</g1> <t1>14.00</t1> "Инфинити Надо". Мультсериал. <g1>6+</g1> <t1>14.30</t1> "Простоквашино". Мультсериал. <g1>0+</g1> <t1>16.00</t1> Час "Союзмультфильма". <g1>6+</g1> <t1>17.00</t1> "Край Бебис. Волшебные слезки". Мультсериал. <g1>0+</g1> <t1>17.05</t1> "ЛОЛ Сюрпрайз. Дорожное путешествие". Мультсериал. <g1>6+</g1> <t1>17.15</t1> "Мастер Витя и Мотор". Мультсериал. <g1>0+</g1> <t1>18.45</t1> <m1>"Денискины рассказы"</m1>. Телесериал. <g1>6+</g1> <t1>19.10</t1> "Маша и Медведь". Мультсериал. <g1>0+</g1> <t1>21.00</t1> "Спокойной ночи, малыши!" <g1>0+</g1> <t1>21.20</t1> "Царевны". Мультсериал. <g1>0+</g1> <t1>22.35</t1> "Дикие скричеры!" Мультсериал. <g1>6+</g1> <t1>23.00</t1> "Приключения Пети и Волка". Мультсериал. <g1>12+</g1> <t1>00.30</t1> "Фиксики". Мультсериал. <g1>0+</g1> <t1>02.00</t1> "Лекс и Плу. Космические таксисты". Мультсериал. <g1>6+</g1> <t1>03.30</t1> "Смешарики". Мультсериал. <g1>0+</g1>

<h1>Детский мир</h1>
<t1>06.00</t1> "Тоботы". <g1>6+</g1> <t1>06.20</t1> "Цветняшки". <g1>0+</g1> <t1>06.30</t1> "Цветняшки". <g1>0+</g1> <t1>06.35</t1> "Цветняшки". <g1>0+</g1> <t1>06.40</t1> "Котенок Шмяк". <g1>0+</g1> <t1>06.50</t1> "Котенок Шмяк". <g1>0+</g1> <t1>07.00</t1> "Котенок Шмяк". <g1>0+</g1> <t1>07.10</t1> "Котенок Шмяк". <g1>0+</g1> <t1>07.25</t1> "Пакман в мире привидений". <g1>6+</g1> <t1>07.50</t1> "Ювик с планеты Ю". <g1>12+</g1> <t1>07.55</t1> "Корги по имени Моко". <g1>6+</g1> <t1>08.05</t1> "Корги по имени Моко". <g1>6+</g1> <t1>08.15</t1> "Корги по имени Моко". <g1>6+</g1> <t1>08.25</t1> "Край Бебис Мэджик Тирс". <g1>0+</g1> <t1>08.30</t1> "Край Бебис Мэджик Тирс". <g1>0+</g1> <t1>08.35</t1> "Край Бебис Мэджик Тирс". <g1>0+</g1> <t1>08.45</t1> "Тобот Атлон". <g1>6+</g1> <t1>08.55</t1> "Тобот Атлон". <g1>6+</g1> <t1>09.05</t1> "Тобот Атлон". <g1>6+</g1> <t1>09.20</t1> "Смарта и чудо-сумка". <g1>0+</g1> <t1>09.35</t1> "Смарта и чудо-сумка". <g1>0+</g1> <t1>09.45</t1> "Смарта и чудо-сумка". <g1>0+</g1> <t1>09.55</t1> "Волчонок Сиа: Страж Великой стены воинов". <g1>6+</g1> <t1>10.10</t1> "Шмяк". <g1>0+</g1> <t1>10.20</t1> "Команда Флоры". <g1>6+</g1> <t1>10.30</t1> "Команда Флоры". <g1>6+</g1> <t1>10.45</t1> "Карбот". <g1>6+</g1> <t1>11.00</t1> "Карбот". <g1>6+</g1> <t1>11.15</t1> "Диностер". <g1>6+</g1> <t1>11.30</t1> "Диностер". <g1>6+</g1> <t1>11.40</t1> "Диностер". <g1>6+</g1> <t1>12.00</t1> "Тоботы". <g1>6+</g1> <t1>12.20</t1> "Цветняшки". <g1>0+</g1> <t1>12.30</t1> "Цветняшки". <g1>0+</g1> <t1>12.35</t1> "Цветняшки". <g1>0+</g1> <t1>12.40</t1> "Котенок Шмяк". <g1>0+</g1> <t1>12.50</t1> "Котенок Шмяк". <g1>0+</g1> <t1>13.00</t1> "Котенок Шмяк". <g1>0+</g1> <t1>13.10</t1> "Котенок Шмяк". <g1>0+</g1> <t1>13.25</t1> "Пакман в мире привидений". <g1>6+</g1> <t1>13.50</t1> "Забезу". <g1>0+</g1> <t1>13.55</t1> "Корги по имени Моко". <g1>6+</g1> <t1>14.05</t1> "Корги по имени Моко". <g1>6+</g1> <t1>14.15</t1> "Корги по имени Моко". <g1>6+</g1> <t1>14.25</t1> "Край Бебис Мэджик Тирс". <g1>0+</g1> <t1>14.30</t1> "Край Бебис Мэджик Тирс". <g1>0+</g1> <t1>14.35</t1> "Край Бебис Мэджик Тирс". <g1>0+</g1> <t1>14.45</t1> "Диностер". <g1>6+</g1> <t1>14.55</t1> "Диностер". <g1>6+</g1> <t1>15.10</t1> "Диностер". <g1>6+</g1> <t1>15.25</t1> "Тобот Атлон". <g1>6+</g1> <t1>15.40</t1> "Тобот Атлон". <g1>6+</g1> <t1>15.50</t1> "Тобот Атлон". <g1>6+</g1> <t1>16.05</t1> "Смарта и чудо-сумка". <g1>0+</g1> <t1>16.15</t1> "Смарта и чудо-сумка". <g1>0+</g1> <t1>16.25</t1> "Смарта и чудо-сумка". <g1>0+</g1> <t1>16.40</t1> "Волчонок Сиа: Страж Великой стены воинов". <g1>6+</g1> <t1>16.55</t1> "Шмяк". <g1>0+</g1> <t1>17.05</t1> "Команда Флоры". <g1>6+</g1> <t1>17.15</t1> "Команда Флоры". <g1>6+</g1> <t1>17.30</t1> "Карбот". <g1>6+</g1> <t1>17.45</t1> "Карбот". <g1>6+</g1> <t1>18.00</t1> "Тоботы". <g1>6+</g1> <t1>18.20</t1> "Цветняшки". <g1>0+</g1> <t1>18.30</t1> "Цветняшки". <g1>0+</g1> <t1>18.35</t1> "Цветняшки". <g1>0+</g1> <t1>18.40</t1> "Котенок Шмяк". <g1>0+</g1> <t1>18.50</t1> "Котенок Шмяк". <g1>0+</g1> <t1>19.00</t1> "Котенок Шмяк". <g1>0+</g1> <t1>19.10</t1> "Котенок Шмяк". <g1>0+</g1> <t1>19.25</t1> "Пакман в мире привидений". <g1>6+</g1> <t1>19.50</t1> "Ювик с планеты Ю". <g1>12+</g1> <t1>19.55</t1> "Корги по имени Моко". <g1>6+</g1> <t1>20.05</t1> "Корги по имени Моко". <g1>6+</g1> <t1>20.15</t1> "Корги по имени Моко". <g1>6+</g1> <t1>20.25</t1> "Край Бебис Мэджик Тирс". <g1>0+</g1> <t1>20.30</t1> "Край Бебис Мэджик Тирс". <g1>0+</g1> <t1>20.35</t1> "Край Бебис Мэджик Тирс". <g1>0+</g1> <t1>20.45</t1> "Тобот Атлон". <g1>6+</g1> <t1>20.55</t1> "Тобот Атлон". <g1>6+</g1> <t1>21.05</t1> "Тобот Атлон". <g1>6+</g1> <t1>21.20</t1> "Смарта и чудо-сумка". <g1>0+</g1> <t1>21.35</t1> "Смарта и чудо-сумка". <g1>0+</g1> <t1>21.45</t1> "Смарта и чудо-сумка". <g1>0+</g1> <t1>21.55</t1> "Бабушкины Сказки". <g1>12+</g1> <t1>22.05</t1> "Granny's Fairytales". <g1>12+</g1> <t1>22.20</t1> "Команда Флоры". <g1>6+</g1> <t1>22.30</t1> "Команда Флоры". <g1>6+</g1> <t1>22.45</t1> "Карбот". <g1>6+</g1> <t1>23.00</t1> "Карбот". <g1>6+</g1> <t1>23.15</t1> "Диностер". <g1>6+</g1> <t1>23.30</t1> "Диностер". <g1>6+</g1> <t1>23.40</t1> "Диностер". <g1>6+</g1> <t1>00.00</t1> "Тоботы". <g1>6+</g1> <t1>00.20</t1> "Цветняшки". <g1>0+</g1> <t1>00.30</t1> "Цветняшки". <g1>0+</g1> <t1>00.35</t1> "Цветняшки". <g1>0+</g1> <t1>00.40</t1> "Котенок Шмяк". <g1>0+</g1> <t1>00.50</t1> "Котенок Шмяк". <g1>0+</g1> <t1>01.00</t1> "Котенок Шмяк". <g1>0+</g1> <t1>01.10</t1> "Котенок Шмяк". <g1>0+</g1> <t1>01.25</t1> "Пакман в мире привидений". <g1>6+</g1> <t1>01.50</t1> "Забезу". <g1>0+</g1> <t1>01.55</t1> "Корги по имени Моко". <g1>6+</g1> <t1>02.05</t1> "Корги по имени Моко". <g1>6+</g1> <t1>02.15</t1> "Корги по имени Моко". <g1>6+</g1> <t1>02.25</t1> "Край Бебис Мэджик Тирс". <g1>0+</g1> <t1>02.30</t1> "Край Бебис Мэджик Тирс". <g1>0+</g1> <t1>02.35</t1> "Край Бебис Мэджик Тирс". <g1>0+</g1> <t1>02.45</t1> "Диностер". <g1>6+</g1> <t1>02.55</t1> "Диностер". <g1>6+</g1> <t1>03.10</t1> "Диностер". <g1>6+</g1> <t1>03.25</t1> "Тобот Атлон". <g1>6+</g1> <t1>03.40</t1> "Тобот Атлон". <g1>6+</g1> <t1>03.50</t1> "Тобот Атлон". <g1>6+</g1> <t1>04.05</t1> "Смарта и чудо-сумка". <g1>0+</g1> <t1>04.15</t1> "Смарта и чудо-сумка". <g1>0+</g1> <t1>04.25</t1> "Смарта и чудо-сумка". <g1>0+</g1> <t1>04.40</t1> "Волчонок Сиа: Страж Великой стены воинов". <g1>6+</g1> <t1>04.55</t1> "Шмяк". <g1>0+</g1> <t1>05.05</t1> "Команда Флоры". <g1>6+</g1> <t1>05.15</t1> "Команда Флоры". <g1>6+</g1> <t1>05.30</t1> "Карбот". <g1>6+</g1> <t1>05.45</t1> "Карбот". <g1>6+</g1>
</вт>
<ср><h1>Карусель</h1>
<t1>05.00</t1> Ранние пташки. "Цып-цып", "Малышарики", "Синий трактор". <g1>0+</g1> <t1>07.00</t1> "С добрым утром, малыши!" <g1>0+</g1> <t1>07.35</t1> "Три кота". Мультсериал. <g1>0+</g1> <t1>10.15</t1> "Робокар Поли и его друзья". Мультсериал. <g1>0+</g1> <t1>10.30</t1> "Супер Крылья. Электрические герои". Мультсериал. <g1>0+</g1> <t1>10.45</t1> "Джи-Джи Бонд: Супергонщик". Мультсериал. <g1>6+</g1> <t1>11.00</t1> "Ми-Ми-Мишки". Мультсериал. <g1>0+</g1> <t1>13.30</t1> "Карбот". Мультсериал. <g1>6+</g1> <t1>14.00</t1> "Инфинити Надо". Мультсериал. <g1>6+</g1> <t1>14.30</t1> "Ум и Хрум". Мультсериал. <g1>0+</g1> <t1>16.00</t1> Час "Союзмультфильма". <g1>6+</g1> <t1>17.00</t1> "Край Бебис. Волшебные слезки". Мультсериал. <g1>0+</g1> <t1>17.05</t1> "ЛОЛ Сюрпрайз. Дорожное путешествие". Мультсериал. <g1>6+</g1> <t1>17.15</t1> "Оранжевая корова". Мультсериал. <g1>0+</g1> <t1>18.45</t1> <m1>"Денискины рассказы"</m1>. Телесериал. <g1>6+</g1> <t1>19.05</t1> "Маша и Медведь". Мультсериал. <g1>0+</g1> <t1>21.00</t1> "Спокойной ночи, малыши!" <g1>0+</g1> <t1>21.20</t1> "Царевны". Мультсериал. <g1>0+</g1> <t1>22.35</t1> "Дикие скричеры!" Мультсериал. <g1>6+</g1> <t1>23.00</t1> "Приключения Пети и Волка". Мультсериал. <g1>12+</g1> <t1>00.30</t1> "Фиксики". Мультсериал. <g1>0+</g1> <t1>02.00</t1> "Лекс и Плу. Космические таксисты". Мультсериал. <g1>6+</g1> <t1>03.30</t1> "Смешарики". Мультсериал. <g1>0+</g1>

<h1>Детский мир</h1>
<t1>06.00</t1> "Тоботы". <g1>6+</g1> <t1>06.20</t1> "Цветняшки". <g1>0+</g1> <t1>06.25</t1> "Цветняшки". <g1>0+</g1> <t1>06.30</t1> "Цветняшки". <g1>0+</g1> <t1>06.40</t1> "Котенок Шмяк". <g1>0+</g1> <t1>06.50</t1> "Котенок Шмяк". <g1>0+</g1> <t1>07.00</t1> "Котенок Шмяк". <g1>0+</g1> <t1>07.10</t1> "Котенок Шмяк". <g1>0+</g1> <t1>07.25</t1> "Пакман в мире привидений". <g1>6+</g1> <t1>07.50</t1> "Ювик с планеты Ю". <g1>12+</g1> <t1>07.55</t1> "Корги по имени Моко". <g1>6+</g1> <t1>08.05</t1> "Корги по имени Моко". <g1>6+</g1> <t1>08.15</t1> "Корги по имени Моко". <g1>6+</g1> <t1>08.25</t1> "Край Бебис Мэджик Тирс". <g1>0+</g1> <t1>08.30</t1> "Край Бебис Мэджик Тирс". <g1>0+</g1> <t1>08.35</t1> "Край Бебис Мэджик Тирс". <g1>0+</g1> <t1>08.45</t1> "Тобот Атлон". <g1>6+</g1> <t1>08.55</t1> "Тобот Атлон". <g1>6+</g1> <t1>09.05</t1> "Тобот Атлон". <g1>6+</g1> <t1>09.20</t1> "Смарта и чудо-сумка". <g1>0+</g1> <t1>09.30</t1> "Смарта и чудо-сумка". <g1>0+</g1> <t1>09.40</t1> "Смарта и чудо-сумка". <g1>0+</g1> <t1>09.55</t1> "Волчонок Сиа: Страж Великой стены воинов". <g1>6+</g1> <t1>10.10</t1> "Шмяк". <g1>0+</g1> <t1>10.20</t1> "Команда Флоры". <g1>6+</g1> <t1>10.30</t1> "Команда Флоры". <g1>6+</g1> <t1>10.45</t1> "Карбот". <g1>6+</g1> <t1>11.00</t1> "Карбот". <g1>6+</g1> <t1>11.15</t1> "Диностер". <g1>6+</g1> <t1>11.30</t1> "Диностер". <g1>6+</g1> <t1>11.40</t1> "Диностер". <g1>6+</g1> <t1>12.00</t1> "Тоботы". <g1>6+</g1> <t1>12.20</t1> "Цветняшки". <g1>0+</g1> <t1>12.25</t1> "Цветняшки". <g1>0+</g1> <t1>12.30</t1> "Цветняшки". <g1>0+</g1> <t1>12.40</t1> "Котенок Шмяк". <g1>0+</g1> <t1>12.50</t1> "Котенок Шмяк". <g1>0+</g1> <t1>13.00</t1> "Котенок Шмяк". <g1>0+</g1> <t1>13.10</t1> "Котенок Шмяк". <g1>0+</g1> <t1>13.25</t1> "Пакман в мире привидений". <g1>6+</g1> <t1>13.50</t1> "Забезу". <g1>0+</g1> <t1>13.55</t1> "Корги по имени Моко". <g1>6+</g1> <t1>14.05</t1> "Корги по имени Моко". <g1>6+</g1> <t1>14.15</t1> "Корги по имени Моко". <g1>6+</g1> <t1>14.25</t1> "Край Бебис Мэджик Тирс". <g1>0+</g1> <t1>14.30</t1> "Край Бебис Мэджик Тирс". <g1>0+</g1> <t1>14.35</t1> "Край Бебис Мэджик Тирс". <g1>0+</g1> <t1>14.45</t1> "Диностер". <g1>6+</g1> <t1>14.55</t1> "Диностер". <g1>6+</g1> <t1>15.10</t1> "Диностер". <g1>6+</g1> <t1>15.25</t1> "Тобот Атлон". <g1>6+</g1> <t1>15.40</t1> "Тобот Атлон". <g1>6+</g1> <t1>15.50</t1> "Тобот Атлон". <g1>6+</g1> <t1>16.05</t1> "Смарта и чудо-сумка". <g1>0+</g1> <t1>16.15</t1> "Смарта и чудо-сумка". <g1>0+</g1> <t1>16.25</t1> "Смарта и чудо-сумка". <g1>0+</g1> <t1>16.40</t1> "Волчонок Сиа: Страж Великой стены воинов". <g1>6+</g1> <t1>16.55</t1> "Шмяк". <g1>0+</g1> <t1>17.05</t1> "Команда Флоры". <g1>6+</g1> <t1>17.15</t1> "Команда Флоры". <g1>6+</g1> <t1>17.30</t1> "Карбот". <g1>6+</g1> <t1>17.45</t1> "Карбот". <g1>6+</g1> <t1>18.00</t1> "Тоботы". <g1>6+</g1> <t1>18.20</t1> "Цветняшки". <g1>0+</g1> <t1>18.25</t1> "Цветняшки". <g1>0+</g1> <t1>18.30</t1> "Цветняшки". <g1>0+</g1> <t1>18.40</t1> "Котенок Шмяк". <g1>0+</g1> <t1>18.50</t1> "Котенок Шмяк". <g1>0+</g1> <t1>19.00</t1> "Котенок Шмяк". <g1>0+</g1> <t1>19.10</t1> "Котенок Шмяк". <g1>0+</g1> <t1>19.25</t1> "Пакман в мире привидений". <g1>6+</g1> <t1>19.50</t1> "Ювик с планеты Ю". <g1>12+</g1> <t1>19.55</t1> "Корги по имени Моко". <g1>6+</g1> <t1>20.05</t1> "Корги по имени Моко". <g1>6+</g1> <t1>20.15</t1> "Корги по имени Моко". <g1>6+</g1> <t1>20.25</t1> "Край Бебис Мэджик Тирс". <g1>0+</g1> <t1>20.30</t1> "Край Бебис Мэджик Тирс". <g1>0+</g1> <t1>20.35</t1> "Край Бебис Мэджик Тирс". <g1>0+</g1> <t1>20.45</t1> "Тобот Атлон". <g1>6+</g1> <t1>20.55</t1> "Тобот Атлон". <g1>6+</g1> <t1>21.05</t1> "Тобот Атлон". <g1>6+</g1> <t1>21.20</t1> "Смарта и чудо-сумка". <g1>0+</g1> <t1>21.30</t1> "Смарта и чудо-сумка". <g1>0+</g1> <t1>21.40</t1> "Смарта и чудо-сумка". <g1>0+</g1> <t1>21.55</t1> "Бабушкины Сказки". <g1>12+</g1> <t1>22.05</t1> "Granny's Fairytales". <g1>12+</g1> <t1>22.20</t1> "Команда Флоры". <g1>6+</g1> <t1>22.30</t1> "Команда Флоры". <g1>6+</g1> <t1>22.45</t1> "Карбот". <g1>6+</g1> <t1>23.00</t1> "Карбот". <g1>6+</g1> <t1>23.15</t1> "Диностер". <g1>6+</g1> <t1>23.30</t1> "Диностер". <g1>6+</g1> <t1>23.40</t1> "Диностер". <g1>6+</g1> <t1>00.00</t1> "Тоботы". <g1>6+</g1> <t1>00.20</t1> "Цветняшки". <g1>0+</g1> <t1>00.25</t1> "Цветняшки". <g1>0+</g1> <t1>00.30</t1> "Цветняшки". <g1>0+</g1> <t1>00.40</t1> "Котенок Шмяк". <g1>0+</g1> <t1>00.50</t1> "Котенок Шмяк". <g1>0+</g1> <t1>01.00</t1> "Котенок Шмяк". <g1>0+</g1> <t1>01.10</t1> "Котенок Шмяк". <g1>0+</g1> <t1>01.25</t1> "Пакман в мире привидений". <g1>6+</g1> <t1>01.50</t1> "Забезу". <g1>0+</g1> <t1>01.55</t1> "Корги по имени Моко". <g1>6+</g1> <t1>02.05</t1> "Корги по имени Моко". <g1>6+</g1> <t1>02.15</t1> "Корги по имени Моко". <g1>6+</g1> <t1>02.25</t1> "Край Бебис Мэджик Тирс". <g1>0+</g1> <t1>02.30</t1> "Край Бебис Мэджик Тирс". <g1>0+</g1> <t1>02.35</t1> "Край Бебис Мэджик Тирс". <g1>0+</g1> <t1>02.45</t1> "Диностер". <g1>6+</g1> <t1>02.55</t1> "Диностер". <g1>6+</g1> <t1>03.10</t1> "Диностер". <g1>6+</g1> <t1>03.25</t1> "Тобот Атлон". <g1>6+</g1> <t1>03.40</t1> "Тобот Атлон". <g1>6+</g1> <t1>03.50</t1> "Тобот Атлон". <g1>6+</g1> <t1>04.05</t1> "Смарта и чудо-сумка". <g1>0+</g1> <t1>04.15</t1> "Смарта и чудо-сумка". <g1>0+</g1> <t1>04.25</t1> "Смарта и чудо-сумка". <g1>0+</g1> <t1>04.40</t1> "Волчонок Сиа: Страж Великой стены воинов". <g1>6+</g1> <t1>04.55</t1> "Шмяк". <g1>0+</g1> <t1>05.05</t1> "Команда Флоры". <g1>6+</g1> <t1>05.15</t1> "Команда Флоры". <g1>6+</g1> <t1>05.30</t1> "Карбот". <g1>6+</g1> <t1>05.45</t1> "Карбот". <g1>6+</g1>
</ср>
<чт><h1>Карусель</h1>
<t1>05.00</t1> Ранние пташки. "Цып-цып", "Малышарики", "Енотки. Первые слова". <g1>0+</g1> <t1>07.00</t1> "С добрым утром, малыши!" <g1>0+</g1> <t1>07.35</t1> "Три кота". Мультсериал. <g1>0+</g1> <t1>10.15</t1> "Робокар Поли и его друзья". Мультсериал. <g1>0+</g1> <t1>10.30</t1> "Супер Крылья. Электрические герои". Мультсериал. <g1>0+</g1> <t1>10.45</t1> "Джи-Джи Бонд: Супергонщик". Мультсериал. <g1>6+</g1> <t1>11.00</t1> "Ми-Ми-Мишки". Мультсериал. <g1>0+</g1> <t1>13.30</t1> "Карбот". Мультсериал. <g1>6+</g1> <t1>14.00</t1> "Инфинити Надо". Мультсериал. <g1>6+</g1> <t1>14.30</t1> "Ум и Хрум". Мультсериал. <g1>0+</g1> <t1>16.00</t1> Час "Союзмультфильма". <g1>6+</g1> <t1>17.00</t1> "Край Бебис. Волшебные слезки". Мультсериал. <g1>0+</g1> <t1>17.05</t1> "ЛОЛ Сюрпрайз. Дорожное путешествие". Мультсериал. <g1>6+</g1> <t1>17.15</t1> "Оранжевая корова". Мультсериал. <g1>0+</g1> <t1>18.45</t1> <m1>"Денискины рассказы"</m1>. Телесериал. <g1>6+</g1> <t1>19.10</t1> "Маша и Медведь". Мультсериал. <g1>0+</g1> <t1>21.00</t1> "Спокойной ночи, малыши!" <g1>0+</g1> <t1>21.20</t1> "Царевны". Мультсериал. <g1>0+</g1> <t1>22.35</t1> "Дикие скричеры!" Мультсериал. <g1>6+</g1> <t1>23.00</t1> "Приключения Пети и Волка". Мультсериал. <g1>12+</g1> <t1>00.30</t1> "Фиксики". Мультсериал. <g1>0+</g1> <t1>02.00</t1> "Лекс и Плу. Космические таксисты". Мультсериал. <g1>6+</g1> <t1>03.30</t1> "Смешарики". Мультсериал. <g1>0+</g1>

<h1>Детский мир</h1>
<t1>06.00</t1> "Тоботы". <g1>6+</g1> <t1>06.20</t1> "Цветняшки". <g1>0+</g1> <t1>06.30</t1> "Цветняшки". <g1>0+</g1> <t1>06.35</t1> "Цветняшки". <g1>0+</g1> <t1>06.40</t1> "Котенок Шмяк". <g1>0+</g1> <t1>06.50</t1> "Котенок Шмяк". <g1>0+</g1> <t1>07.00</t1> "Котенок Шмяк". <g1>0+</g1> <t1>07.10</t1> "Котенок Шмяк". <g1>0+</g1> <t1>07.25</t1> "Пакман в мире привидений". <g1>6+</g1> <t1>07.50</t1> "Ювик с планеты Ю". <g1>12+</g1> <t1>07.55</t1> "Корги по имени Моко". <g1>6+</g1> <t1>08.05</t1> "Корги по имени Моко". <g1>6+</g1> <t1>08.15</t1> "Корги по имени Моко". <g1>6+</g1> <t1>08.25</t1> "Край Бебис Мэджик Тирс". <g1>0+</g1> <t1>08.30</t1> "Край Бебис Мэджик Тирс". <g1>0+</g1> <t1>08.35</t1> "Край Бебис Мэджик Тирс". <g1>0+</g1> <t1>08.45</t1> "Тобот Атлон". <g1>6+</g1> <t1>08.55</t1> "Тобот Атлон". <g1>6+</g1> <t1>09.05</t1> "Тобот Атлон". <g1>6+</g1> <t1>09.20</t1> "Смарта и чудо-сумка". <g1>0+</g1> <t1>09.30</t1> "Смарта и чудо-сумка". <g1>0+</g1> <t1>09.40</t1> "Смарта и чудо-сумка". <g1>0+</g1> <t1>09.55</t1> "Волчонок Сиа: Страж Великой стены воинов". <g1>6+</g1> <t1>10.10</t1> "Шмяк". <g1>0+</g1> <t1>10.20</t1> "Команда Флоры". <g1>6+</g1> <t1>10.30</t1> "Команда Флоры". <g1>6+</g1> <t1>10.45</t1> "Карбот". <g1>6+</g1> <t1>11.00</t1> "Карбот". <g1>6+</g1> <t1>11.15</t1> "Диностер". <g1>6+</g1> <t1>11.30</t1> "Диностер". <g1>6+</g1> <t1>11.40</t1> "Диностер". <g1>6+</g1> <t1>12.00</t1> "Тоботы". <g1>6+</g1> <t1>12.20</t1> "Цветняшки". <g1>0+</g1> <t1>12.30</t1> "Цветняшки". <g1>0+</g1> <t1>12.35</t1> "Цветняшки". <g1>0+</g1> <t1>12.40</t1> "Котенок Шмяк". <g1>0+</g1> <t1>12.50</t1> "Котенок Шмяк". <g1>0+</g1> <t1>13.00</t1> "Котенок Шмяк". <g1>0+</g1> <t1>13.10</t1> "Котенок Шмяк". <g1>0+</g1> <t1>13.25</t1> "Пакман в мире привидений". <g1>6+</g1> <t1>13.50</t1> "Забезу". <g1>0+</g1> <t1>13.55</t1> "Корги по имени Моко". <g1>6+</g1> <t1>14.05</t1> "Корги по имени Моко". <g1>6+</g1> <t1>14.15</t1> "Корги по имени Моко". <g1>6+</g1> <t1>14.25</t1> "Край Бебис Мэджик Тирс". <g1>0+</g1> <t1>14.30</t1> "Край Бебис Мэджик Тирс". <g1>0+</g1> <t1>14.35</t1> "Край Бебис Мэджик Тирс". <g1>0+</g1> <t1>14.45</t1> "Диностер". <g1>6+</g1> <t1>14.55</t1> "Диностер". <g1>6+</g1> <t1>15.10</t1> "Диностер". <g1>6+</g1> <t1>15.25</t1> "Тобот Атлон". <g1>6+</g1> <t1>15.40</t1> "Тобот Атлон". <g1>6+</g1> <t1>15.50</t1> "Тобот Атлон". <g1>6+</g1> <t1>16.05</t1> "Смарта и чудо-сумка". <g1>0+</g1> <t1>16.15</t1> "Смарта и чудо-сумка". <g1>0+</g1> <t1>16.25</t1> "Смарта и чудо-сумка". <g1>0+</g1> <t1>16.40</t1> "Волчонок Сиа: Страж Великой стены воинов". <g1>6+</g1> <t1>16.55</t1> "Шмяк". <g1>0+</g1> <t1>17.05</t1> "Команда Флоры". <g1>6+</g1> <t1>17.15</t1> "Команда Флоры". <g1>6+</g1> <t1>17.30</t1> "Карбот". <g1>6+</g1> <t1>17.45</t1> "Карбот". <g1>6+</g1> <t1>18.00</t1> "Тоботы". <g1>6+</g1> <t1>18.20</t1> "Цветняшки". <g1>0+</g1> <t1>18.30</t1> "Цветняшки". <g1>0+</g1> <t1>18.35</t1> "Цветняшки". <g1>0+</g1> <t1>18.40</t1> "Котенок Шмяк". <g1>0+</g1> <t1>18.50</t1> "Котенок Шмяк". <g1>0+</g1> <t1>19.00</t1> "Котенок Шмяк". <g1>0+</g1> <t1>19.10</t1> "Котенок Шмяк". <g1>0+</g1> <t1>19.25</t1> "Пакман в мире привидений". <g1>6+</g1> <t1>19.50</t1> "Ювик с планеты Ю". <g1>12+</g1> <t1>19.55</t1> "Корги по имени Моко". <g1>6+</g1> <t1>20.05</t1> "Корги по имени Моко". <g1>6+</g1> <t1>20.15</t1> "Корги по имени Моко". <g1>6+</g1> <t1>20.25</t1> "Край Бебис Мэджик Тирс". <g1>0+</g1> <t1>20.30</t1> "Край Бебис Мэджик Тирс". <g1>0+</g1> <t1>20.35</t1> "Край Бебис Мэджик Тирс". <g1>0+</g1> <t1>20.45</t1> "Тобот Атлон". <g1>6+</g1> <t1>20.55</t1> "Тобот Атлон". <g1>6+</g1> <t1>21.05</t1> "Тобот Атлон". <g1>6+</g1> <t1>21.20</t1> "Смарта и чудо-сумка". <g1>0+</g1> <t1>21.30</t1> "Смарта и чудо-сумка". <g1>0+</g1> <t1>21.40</t1> "Смарта и чудо-сумка". <g1>0+</g1> <t1>21.55</t1> "Бабушкины Сказки". <g1>12+</g1> <t1>22.05</t1> "Granny's Fairytales". <g1>12+</g1> <t1>22.20</t1> "Команда Флоры". <g1>6+</g1> <t1>22.30</t1> "Команда Флоры". <g1>6+</g1> <t1>22.45</t1> "Карбот". <g1>6+</g1> <t1>23.00</t1> "Карбот". <g1>6+</g1> <t1>23.15</t1> "Диностер". <g1>6+</g1> <t1>23.30</t1> "Диностер". <g1>6+</g1> <t1>23.40</t1> "Диностер". <g1>6+</g1> <t1>00.00</t1> "Тоботы". <g1>6+</g1> <t1>00.20</t1> "Цветняшки". <g1>0+</g1> <t1>00.30</t1> "Цветняшки". <g1>0+</g1> <t1>00.35</t1> "Цветняшки". <g1>0+</g1> <t1>00.40</t1> "Котенок Шмяк". <g1>0+</g1> <t1>00.50</t1> "Котенок Шмяк". <g1>0+</g1> <t1>01.00</t1> "Котенок Шмяк". <g1>0+</g1> <t1>01.10</t1> "Котенок Шмяк". <g1>0+</g1> <t1>01.25</t1> "Пакман в мире привидений". <g1>6+</g1> <t1>01.50</t1> "Забезу". <g1>0+</g1> <t1>01.55</t1> "Корги по имени Моко". <g1>6+</g1> <t1>02.05</t1> "Корги по имени Моко". <g1>6+</g1> <t1>02.15</t1> "Корги по имени Моко". <g1>6+</g1> <t1>02.25</t1> "Край Бебис Мэджик Тирс". <g1>0+</g1> <t1>02.30</t1> "Край Бебис Мэджик Тирс". <g1>0+</g1> <t1>02.35</t1> "Край Бебис Мэджик Тирс". <g1>0+</g1> <t1>02.45</t1> "Диностер". <g1>6+</g1> <t1>02.55</t1> "Диностер". <g1>6+</g1> <t1>03.10</t1> "Диностер". <g1>6+</g1> <t1>03.25</t1> "Тобот Атлон". <g1>6+</g1> <t1>03.40</t1> "Тобот Атлон". <g1>6+</g1> <t1>03.50</t1> "Тобот Атлон". <g1>6+</g1> <t1>04.05</t1> "Смарта и чудо-сумка". <g1>0+</g1> <t1>04.15</t1> "Смарта и чудо-сумка". <g1>0+</g1> <t1>04.25</t1> "Смарта и чудо-сумка". <g1>0+</g1> <t1>04.40</t1> "Волчонок Сиа: Страж Великой стены воинов". <g1>6+</g1> <t1>04.55</t1> "Шмяк". <g1>0+</g1> <t1>05.05</t1> "Команда Флоры". <g1>6+</g1> <t1>05.15</t1> "Команда Флоры". <g1>6+</g1> <t1>05.30</t1> "Карбот". <g1>6+</g1> <t1>05.45</t1> "Карбот". <g1>6+</g1>
</чт>
<пт><h1>Карусель</h1>
<t1>05.00</t1> Ранние пташки. "Цып-цып", "Малышарики", "Енотки. Первые слова". <g1>0+</g1> <t1>07.00</t1> "С добрым утром, малыши!" <g1>0+</g1> <t1>07.35</t1> "Мини-Мишки". Мультсериал. <g1>0+</g1> <t1>10.45</t1> "ДиноСити". Мультсериал. <g1>0+</g1> <t1>13.30</t1> "Карбот". Мультсериал. <g1>6+</g1> <t1>14.00</t1> "Инфинити Надо". Мультсериал. <g1>6+</g1> <t1>14.30</t1> "Ум и Хрум". Мультсериал. <g1>0+</g1> <t1>16.00</t1> Час "Союзмультфильма". <g1>6+</g1> <t1>17.00</t1> "Геройчики". Мультсериал. <g1>0+</g1> <t1>20.40</t1> "Бумажки". Мультсериал. <g1>0+</g1> <t1>21.00</t1> "Спокойной ночи, малыши!" <g1>0+</g1> <t1>21.20</t1> "Чемпионы". Мультсериал. <g1>6+</g1> <t1>22.35</t1> "Метал Кард Бот". Мультсериал. <g1>6+</g1> <t1>23.00</t1> "Люк – путешественник во времени. Тайна меча Гоуцзяня". Мультфильм. <g1>6+</g1> <t1>00.00</t1> "Бобр добр". Мультсериал. <g1>0+</g1> <t1>01.35</t1> "Три кота". Мультсериал. <g1>0+</g1> <t1>03.30</t1> "Смешарики". Мультсериал. <g1>0+</g1>

<h1>Детский мир</h1>
<t1>06.00</t1> "Тоботы". <g1>6+</g1> <t1>06.20</t1> "Цветняшки". <g1>0+</g1> <t1>06.25</t1> "Цветняшки". <g1>0+</g1> <t1>06.35</t1> "Цветняшки". <g1>0+</g1> <t1>06.40</t1> "Котенок Шмяк". <g1>0+</g1> <t1>06.50</t1> "Котенок Шмяк". <g1>0+</g1> <t1>07.00</t1> "Котенок Шмяк". <g1>0+</g1> <t1>07.10</t1> "Котенок Шмяк". <g1>0+</g1> <t1>07.25</t1> "Пакман в мире привидений". <g1>6+</g1> <t1>07.50</t1> "Ювик с планеты Ю". <g1>12+</g1> <t1>07.55</t1> "Корги по имени Моко". <g1>6+</g1> <t1>08.05</t1> "Корги по имени Моко". <g1>6+</g1> <t1>08.15</t1> "Корги по имени Моко". <g1>6+</g1> <t1>08.25</t1> "Край Бебис Мэджик Тирс". <g1>0+</g1> <t1>08.30</t1> "Край Бебис Мэджик Тирс". <g1>0+</g1> <t1>08.35</t1> "Край Бебис Мэджик Тирс". <g1>0+</g1> <t1>08.45</t1> "Тобот Атлон". <g1>6+</g1> <t1>08.55</t1> "Тобот Атлон". <g1>6+</g1> <t1>09.05</t1> "Тобот Атлон". <g1>6+</g1> <t1>09.20</t1> "Смарта и чудо-сумка". <g1>0+</g1> <t1>09.30</t1> "Смарта и чудо-сумка". <g1>0+</g1> <t1>09.40</t1> "Смарта и чудо-сумка". <g1>0+</g1> <t1>09.55</t1> "Волчонок Сиа: Страж Великой стены воинов". <g1>6+</g1> <t1>10.10</t1> "Шмяк". <g1>0+</g1> <t1>10.20</t1> "Команда Флоры". <g1>6+</g1> <t1>10.30</t1> "Команда Флоры". <g1>6+</g1> <t1>10.45</t1> "Карбот". <g1>6+</g1> <t1>11.00</t1> "Карбот". <g1>6+</g1> <t1>11.15</t1> "Диностер". <g1>6+</g1> <t1>11.30</t1> "Диностер". <g1>6+</g1> <t1>11.40</t1> "Диностер". <g1>6+</g1> <t1>12.00</t1> "Тоботы". <g1>6+</g1> <t1>12.20</t1> "Цветняшки". <g1>0+</g1> <t1>12.25</t1> "Цветняшки". <g1>0+</g1> <t1>12.35</t1> "Цветняшки". <g1>0+</g1> <t1>12.40</t1> "Котенок Шмяк". <g1>0+</g1> <t1>12.50</t1> "Котенок Шмяк". <g1>0+</g1> <t1>13.00</t1> "Котенок Шмяк". <g1>0+</g1> <t1>13.10</t1> "Котенок Шмяк". <g1>0+</g1> <t1>13.25</t1> "Пакман в мире привидений". <g1>6+</g1> <t1>13.50</t1> "Забезу". <g1>0+</g1> <t1>13.55</t1> "Корги по имени Моко". <g1>6+</g1> <t1>14.05</t1> "Корги по имени Моко". <g1>6+</g1> <t1>14.15</t1> "Корги по имени Моко". <g1>6+</g1> <t1>14.25</t1> "Край Бебис Мэджик Тирс". <g1>0+</g1> <t1>14.30</t1> "Край Бебис Мэджик Тирс". <g1>0+</g1> <t1>14.35</t1> "Край Бебис Мэджик Тирс". <g1>0+</g1> <t1>14.45</t1> "Диностер". <g1>6+</g1> <t1>14.55</t1> "Диностер". <g1>6+</g1> <t1>15.10</t1> "Диностер". <g1>6+</g1> <t1>15.25</t1> "Тобот Атлон". <g1>6+</g1> <t1>15.40</t1> "Тобот Атлон". <g1>6+</g1> <t1>15.50</t1> "Тобот Атлон". <g1>6+</g1> <t1>16.05</t1> "Смарта и чудо-сумка". <g1>0+</g1> <t1>16.15</t1> "Смарта и чудо-сумка". <g1>0+</g1> <t1>16.25</t1> "Смарта и чудо-сумка". <g1>0+</g1> <t1>16.40</t1> "Волчонок Сиа: Страж Великой стены воинов". <g1>6+</g1> <t1>16.55</t1> "Шмяк". <g1>0+</g1> <t1>17.05</t1> "Команда Флоры". <g1>6+</g1> <t1>17.15</t1> "Команда Флоры". <g1>6+</g1> <t1>17.30</t1> "Карбот". <g1>6+</g1> <t1>17.45</t1> "Карбот". <g1>6+</g1> <t1>18.00</t1> "Тоботы". <g1>6+</g1> <t1>18.20</t1> "Цветняшки". <g1>0+</g1> <t1>18.25</t1> "Цветняшки". <g1>0+</g1> <t1>18.35</t1> "Цветняшки". <g1>0+</g1> <t1>18.40</t1> "Котенок Шмяк". <g1>0+</g1> <t1>18.50</t1> "Котенок Шмяк". <g1>0+</g1> <t1>19.00</t1> "Котенок Шмяк". <g1>0+</g1> <t1>19.10</t1> "Котенок Шмяк". <g1>0+</g1> <t1>19.25</t1> "Пакман в мире привидений". <g1>6+</g1> <t1>19.50</t1> "Ювик с планеты Ю". <g1>12+</g1> <t1>19.55</t1> "Корги по имени Моко". <g1>6+</g1> <t1>20.05</t1> "Корги по имени Моко". <g1>6+</g1> <t1>20.15</t1> "Корги по имени Моко". <g1>6+</g1> <t1>20.25</t1> "Край Бебис Мэджик Тирс". <g1>0+</g1> <t1>20.30</t1> "Край Бебис Мэджик Тирс". <g1>0+</g1> <t1>20.35</t1> "Край Бебис Мэджик Тирс". <g1>0+</g1> <t1>20.45</t1> "Тобот Атлон". <g1>6+</g1> <t1>20.55</t1> "Тобот Атлон". <g1>6+</g1> <t1>21.05</t1> "Тобот Атлон". <g1>6+</g1> <t1>21.20</t1> "Смарта и чудо-сумка". <g1>0+</g1> <t1>21.30</t1> "Смарта и чудо-сумка". <g1>0+</g1> <t1>21.40</t1> "Смарта и чудо-сумка". <g1>0+</g1> <t1>21.55</t1> "Бабушкины Сказки". <g1>12+</g1> <t1>22.05</t1> "Granny's Fairytales". <g1>12+</g1> <t1>22.20</t1> "Команда Флоры". <g1>6+</g1> <t1>22.30</t1> "Команда Флоры". <g1>6+</g1> <t1>22.45</t1> "Карбот". <g1>6+</g1> <t1>23.00</t1> "Карбот". <g1>6+</g1> <t1>23.15</t1> "Диностер". <g1>6+</g1> <t1>23.30</t1> "Диностер". <g1>6+</g1> <t1>23.40</t1> "Диностер". <g1>6+</g1> <t1>00.00</t1> "Тоботы". <g1>6+</g1> <t1>00.20</t1> "Цветняшки". <g1>0+</g1> <t1>00.25</t1> "Цветняшки". <g1>0+</g1> <t1>00.35</t1> "Цветняшки". <g1>0+</g1> <t1>00.40</t1> "Котенок Шмяк". <g1>0+</g1> <t1>00.50</t1> "Котенок Шмяк". <g1>0+</g1> <t1>01.00</t1> "Котенок Шмяк". <g1>0+</g1> <t1>01.10</t1> "Котенок Шмяк". <g1>0+</g1> <t1>01.25</t1> "Пакман в мире привидений". <g1>6+</g1> <t1>01.50</t1> "Забезу". <g1>0+</g1> <t1>01.55</t1> "Корги по имени Моко". <g1>6+</g1> <t1>02.05</t1> "Корги по имени Моко". <g1>6+</g1> <t1>02.15</t1> "Корги по имени Моко". <g1>6+</g1> <t1>02.25</t1> "Край Бебис Мэджик Тирс". <g1>0+</g1> <t1>02.30</t1> "Край Бебис Мэджик Тирс". <g1>0+</g1> <t1>02.35</t1> "Край Бебис Мэджик Тирс". <g1>0+</g1> <t1>02.45</t1> "Диностер". <g1>6+</g1> <t1>02.55</t1> "Диностер". <g1>6+</g1> <t1>03.10</t1> "Диностер". <g1>6+</g1> <t1>03.25</t1> "Тобот Атлон". <g1>6+</g1> <t1>03.40</t1> "Тобот Атлон". <g1>6+</g1> <t1>03.50</t1> "Тобот Атлон". <g1>6+</g1> <t1>04.05</t1> "Смарта и чудо-сумка". <g1>0+</g1> <t1>04.15</t1> "Смарта и чудо-сумка". <g1>0+</g1> <t1>04.25</t1> "Смарта и чудо-сумка". <g1>0+</g1> <t1>04.40</t1> "Волчонок Сиа: Страж Великой стены воинов". <g1>6+</g1> <t1>04.55</t1> "Шмяк". <g1>0+</g1> <t1>05.05</t1> "Команда Флоры". <g1>6+</g1> <t1>05.15</t1> "Команда Флоры". <g1>6+</g1> <t1>05.30</t1> "Карбот". <g1>6+</g1> <t1>05.45</t1> "Карбот". <g1>6+</g1>
</пт>
<сб><h1>Карусель</h1>
<t1>05.00</t1> Ранние пташки. "Котики, вперед!", "Лунтик". <g1>0+</g1> <t1>07.00</t1> "С добрым утром, малыши!" <g1>0+</g1> <t1>07.35</t1> "Тима и Тома". Мультсериал. <g1>0+</g1> <t1>09.35</t1> "Лапозавры". Мультсериал. <g1>0+</g1> <t1>11.35</t1> "Буба". Мультсериал. <g1>6+</g1> <t1>14.00</t1> "Ералаш". <g1>6+</g1> <t1>14.40</t1> "Чемпионы". Мультсериал. <g1>6+</g1> <t1>14.50</t1> "Смешарики". Мультсериал. <g1>0+</g1> <t1>16.55</t1> "Чик-Чирикино". Мультсериал. <g1>0+</g1> <t1>19.30</t1> "Побег из цирка". Мультфильм. <g1>6+</g1> <t1>21.00</t1> "Спокойной ночи, малыши!" <g1>0+</g1> <t1>21.20</t1> "Ник-изобретатель". Мультсериал. <g1>0+</g1> <t1>22.35</t1> "Метал Кард Бот". Мультсериал. <g1>6+</g1> <t1>23.00</t1> "Тайна третьей планеты". Мультфильм. <g1>0+</g1> <t1>23.50</t1> "Последняя невеста Змея Горыныча". Мультфильм. <g1>0+</g1> <t1>00.10</t1> "Василиса Микулишна". Мультфильм. <g1>0+</g1> <t1>00.30</t1> "Бобр добр". Мультсериал. <g1>0+</g1> <t1>02.05</t1> "Три кота". Мультсериал. <g1>0+</g1> <t1>03.30</t1> "Смешарики". Мультсериал. <g1>0+</g1>

<h1>Детский мир</h1>
<t1>06.00</t1> "Три богатыря и Шамаханская царица". <g1>12+</g1> <t1>07.15</t1> "Три богатыря на дальних берегах". <g1>12+</g1> <t1>08.30</t1> "Три богатыря: Ход конем". <g1>12+</g1> <t1>09.50</t1> "Три богатыря и Морской царь". <g1>12+</g1> <t1>11.05</t1> "Три богатыря и принцесса Египта". <g1>12+</g1> <t1>12.15</t1> "Как поймать перо Жар-Птицы". <g1>12+</g1> <t1>13.25</t1> "Котенок Шмяк". <g1>0+</g1> <t1>13.35</t1> "Котенок Шмяк". <g1>0+</g1> <t1>13.45</t1> "Котенок Шмяк". <g1>0+</g1> <t1>14.00</t1> "Три богатыря и Шамаханская царица". <g1>12+</g1> <t1>15.15</t1> "Три богатыря на дальних берегах". <g1>12+</g1> <t1>16.30</t1> "Три богатыря: Ход конем". <g1>12+</g1> <t1>17.50</t1> "Три богатыря и Морской царь". <g1>12+</g1> <t1>19.05</t1> "Три богатыря и принцесса Египта". <g1>12+</g1> <t1>20.15</t1> "Как поймать перо Жар-Птицы". <g1>12+</g1> <t1>21.25</t1> "Котенок Шмяк". <g1>0+</g1> <t1>21.35</t1> "Котенок Шмяк". <g1>0+</g1> <t1>21.45</t1> "Котенок Шмяк". <g1>0+</g1> <t1>22.00</t1> "Три богатыря и Шамаханская царица". <g1>12+</g1> <t1>23.15</t1> "Три богатыря на дальних берегах". <g1>12+</g1> <t1>00.30</t1> "Три богатыря: Ход конем". <g1>12+</g1> <t1>01.50</t1> "Три богатыря и Морской царь". <g1>12+</g1> <t1>03.05</t1> "Три богатыря и принцесса Египта". <g1>12+</g1> <t1>04.15</t1> "Как поймать перо Жар-Птицы". <g1>12+</g1> <t1>05.25</t1> "Котенок Шмяк". <g1>0+</g1> <t1>05.35</t1> "Котенок Шмяк". <g1>0+</g1> <t1>05.45</t1> "Котенок Шмяк". <g1>0+</g1>
</сб>
<вс><h1>Карусель</h1>
<t1>05.00</t1> Ранние пташки. "Ум и Хрум", "Маша и Медведь". <g1>0+</g1> <t1>07.00</t1> "С добрым утром, малыши!" <g1>0+</g1> <t1>07.35</t1> "Зебра в клеточку. Яркие дни". Мультсериал. <g1>0+</g1> <t1>09.35</t1> "Царевна и дракон". Мультсериал. <g1>6+</g1> <t1>10.20</t1> "Царевна и дракон. Магическая книга". Мультсериал. <g1>0+</g1> <t1>11.35</t1> "Семь королевств". Мультсериал. <g1>0+</g1> <t1>14.00</t1> "Ералаш". <g1>6+</g1> <t1>14.45</t1> "Сказочный патруль". Мультсериал. <g1>0+</g1> <t1>17.10</t1> "Барбоскины". Мультсериал. <g1>0+</g1> <t1>19.10</t1> "Кошечки-собачки". Мультсериал. <g1>0+</g1> <t1>20.40</t1> "Бумажки". Мультсериал. <g1>0+</g1> <t1>21.00</t1> "Спокойной ночи, малыши!" <g1>0+</g1> <t1>21.20</t1> "Отель у овечек". Мультсериал. <g1>0+</g1> <t1>22.35</t1> "Метал Кард Бот". Мультсериал. <g1>6+</g1> <t1>23.00</t1> "Приключения Пети и Волка". Мультсериал. <g1>12+</g1> <t1>00.30</t1> "Бобр добр". Мультсериал. <g1>0+</g1> <t1>02.05</t1> "Три кота". Мультсериал. <g1>0+</g1> <t1>03.30</t1> "Смешарики". Мультсериал. <g1>0+</g1>

<h1>Детский мир</h1>
<t1>06.00</t1> "Три богатыря и Наследница престола". <g1>12+</g1> <t1>07.25</t1> "Снежная королева". <g1>0+</g1> <t1>08.45</t1> "Снежная королева 2: Перезаморозка". <g1>0+</g1> <t1>10.05</t1> "Снежная королева 3: Огонь и лед". <g1>6+</g1> <t1>11.35</t1> "Волки и Овцы: Ход свиньей". <g1>12+</g1> <t1>13.25</t1> "Котенок Шмяк". <g1>0+</g1> <t1>13.35</t1> "Котенок Шмяк". <g1>0+</g1> <t1>13.45</t1> "Котенок Шмяк". <g1>0+</g1> <t1>14.00</t1> "Три богатыря и Наследница престола". <g1>12+</g1> <t1>15.25</t1> "Снежная королева". <g1>0+</g1> <t1>16.45</t1> "Снежная королева 2: Перезаморозка". <g1>0+</g1> <t1>18.05</t1> "Снежная королева 3: Огонь и лед". <g1>6+</g1> <t1>19.35</t1> "Волки и Овцы: Ход свиньей". <g1>12+</g1> <t1>21.25</t1> "Котенок Шмяк". <g1>0+</g1> <t1>21.35</t1> "Котенок Шмяк". <g1>0+</g1> <t1>21.45</t1> "Котенок Шмяк". <g1>0+</g1> <t1>22.00</t1> "Три богатыря и Наследница престола". <g1>12+</g1> <t1>23.25</t1> "Снежная королева". <g1>0+</g1> <t1>00.45</t1> "Снежная королева 2: Перезаморозка". <g1>0+</g1> <t1>02.05</t1> "Снежная королева 3: Огонь и лед". <g1>6+</g1> <t1>03.35</t1> "Волки и Овцы: Ход свиньей". <g1>12+</g1> <t1>05.25</t1> "Котенок Шмяк". <g1>0+</g1> <t1>05.35</t1> "Котенок Шмяк". <g1>0+</g1> <t1>05.45</t1> "Котенок Шмяк". <g1>0+</g1>
</вс></Детские></Кабельные></Каналы>